page,url,action
installers/on/oshawa/battery/index.html,http://www.topelectrical.ca/,removed dead website/arrow link
installers/on/sault-ste-marie/heat-pump/index.html,https://boydgroupinc.ca/,removed dead website/arrow link
installers/on/burlington/insulation/index.html,http://domuradsprayfoam.com/?utm_source=gmb&amp;utm_medium=referral,removed dead website/arrow link
installers/profiles/vernon/groundswell-mechanical-ltd/index.html,http://groundswellmechanical.ca/;%20https://www.instagram.com/groundswellmechanical/,removed dead website/arrow link
installers/profiles/on/sault-ste-marie/boyd-group-heating-and-cooling/index.html,https://boydgroupinc.ca/,removed dead website/arrow link
installers/profiles/ny/albany/best-cooling-heating-llc/index.html,http://www.bestcoolingandheating.com/,removed dead website/arrow link
installers/profiles/ny/islip/harmony-energy/index.html,http://www.harmonyenergy.org/,removed dead website/arrow link
installers/profiles/ny/yonkers/globe-mechanical-electrical/index.html,https://www.globemechanicalny.com/,removed dead website/arrow link
installers/profiles/pa/erie/t-d-albora-heating-and-cooling/index.html,http://tdalboraheatingandcooling.com/?utm_source=gmb&amp;utm_medium=referral,removed dead website/arrow link
installers/profiles/ca/burbank/annex-solar/index.html,https://www.annexsolar.us/,removed dead website/arrow link
installers/profiles/ca/fremont/energyaid/index.html,https://www.energyaid.net/bay-area,replaced
installers/profiles/ca/san-bernardino/mixon-mechanical-inc-air-conditioning/index.html,http://www.mixonmechanical.com/,removed dead website/arrow link
installers/profiles/ca/san-bernardino/eazy-cool-hvac/index.html,https://eazycoolhvac.org/home,removed dead website/arrow link
installers/profiles/ca/sacramento/energyaid/index.html,https://www.energyaid.net/norcal,replaced
installers/profiles/ma/brockton/j-w-hvac/index.html,http://www.jwhvacserviceandrepair.com/,removed dead website/arrow link
installers/profiles/ma/new-bedford/coelho-s-plumbing-heating/index.html,https://www.coelhosplumbingandheating.com/,removed dead website/arrow link
installers/ny/oyster-bay/heat-pump/index.html,http://hvac-servicesusa.com/Woodbury-ny,removed dead website/arrow link
installers/ny/albany/heat-pump/index.html,http://www.bestcoolingandheating.com/,removed dead website/arrow link
installers/ny/islip/solar/index.html,http://www.harmonyenergy.org/,removed dead website/arrow link
installers/ny/islip/battery/index.html,http://www.harmonyenergy.org/,removed dead website/arrow link
installers/ny/yonkers/heat-pump/index.html,https://www.globemechanicalny.com/,removed dead website/arrow link
installers/pa/erie/heat-pump/index.html,http://tdalboraheatingandcooling.com/?utm_source=gmb&amp;utm_medium=referral,removed dead website/arrow link
installers/ca/moreno-valley/heat-pump/index.html,https://thomasbrothershvaccontractor.com/moreno-valley-california-location-2/,removed dead website/arrow link
installers/ca/san-diego/insulation/index.html,https://greenfaithsandiego.com/,removed dead website/arrow link
installers/ca/fremont/solar/index.html,https://www.energyaid.net/bay-area,replaced
installers/ca/fremont/battery/index.html,https://www.energyaid.net/bay-area,replaced
installers/ca/fresno/solar/index.html,https://www.energyaid.net/central-valley,replaced
installers/ca/fresno/battery/index.html,https://www.energyaid.net/central-valley,replaced
installers/ca/san-bernardino/heat-pump/index.html,https://eazycoolhvac.org/home,removed dead website/arrow link
installers/ca/sacramento/solar/index.html,https://www.energyaid.net/norcal,replaced
installers/ca/sacramento/battery/index.html,https://www.energyaid.net/norcal,replaced
installers/bc/vernon/heat-pump/index.html,http://groundswellmechanical.ca/;%20https://www.instagram.com/groundswellmechanical/,removed dead website/arrow link
installers/bc/surrey/insulation/index.html,http://instantinsulations.ca/,removed dead website/arrow link
installers/bc/chilliwack/heat-pump/index.html,https://www.pettiesplumbing.com/book-now,removed dead website/arrow link
installers/bc/kelowna/insulation/index.html,https://www.guardianspray.ca/,removed dead website/arrow link
installers/ns/halifax/heat-pump/index.html,http://smartcarehomeservices.ca/,removed dead website/arrow link
installers/ma/brockton/heat-pump/index.html,http://www.jwhvacserviceandrepair.com/,removed dead website/arrow link
installers/ma/new-bedford/heat-pump/index.html,https://www.coelhosplumbingandheating.com/,removed dead website/arrow link
blog/sdge-rebate-guide/index.html,https://www.sdge.com/residential/savings-center/rebates,unwrapped
blog/7-california-heat-pump-rebates-you-can-stack/index.html,https://www.ca.gov/about/news-advisories/california-heat-pump-rebate-program-2026/,unwrapped
blog/7-california-heat-pump-rebates-you-can-stack/index.html,https://www.ladwp.com/residential/rebates-incentives/air-source-heat-pumps,unwrapped
blog/7-california-heat-pump-rebates-you-can-stack/index.html,https://www.pge.com/en_US/business/solutions/energy-efficiency/rebates-incentives/air-source-heat-pump-rebate.page,unwrapped
blog/7-california-heat-pump-rebates-you-can-stack/index.html,https://www.sdge.com/residential/rebates-incentives-financing/heat-pump-rebates,unwrapped
blog/6-new-york-heat-pump-programs-stack-together/index.html,https://www.coned.com/en/save-money-and-energy/rebates-incentives,unwrapped
blog/canada-provinces-ranked-home-energy-rebates/index.html,https://energy.atco.com/en-ca,replaced
ca/on/oshawa/index.html,https://www.durham.ca/en/news/durham-s-home-retrofit-program-pays-off-for-residents.aspx,removed dead website/arrow link
ca/on/guelph/ev-charger/index.html,https://www.torontohydro.com/for-home/peaksaver,replaced
ca/on/oakville/ev-charger/index.html,https://www.oakville.ca/townhall/community-energy.html,unwrapped
ca/on/oakville/ev-charger/index.html,https://www.torontohydro.com/for-home/peaksaver,replaced
ca/on/oakville/smart-thermostats/index.html,https://www.oakville.ca/townhall/community-energy-plan.html,unwrapped
ca/on/thunder-bay/solar/index.html,https://www.thunderbay.ca/en/city-services/environment.aspx,unwrapped
ca/on/thunder-bay/ev-charger/index.html,https://www.thunderbay.ca/en/city-services/climate-adaptation.aspx,unwrapped
ca/on/thunder-bay/ev-charger/index.html,https://www.torontohydro.com/for-home/peaksaver,replaced
ca/on/thunder-bay/smart-thermostats/index.html,https://www.thunderbay.ca/en/city-hall/earthcare.aspx,unwrapped
ca/on/thunder-bay/battery/index.html,https://www.thunderbay.ca/en/city-hall/climate-action.aspx,unwrapped
ca/on/ottawa/ev-charger/index.html,https://hydroottawa.com/en/accounts-billing/rates,unwrapped
ca/on/ottawa/ev-charger/index.html,https://www.torontohydro.com/for-home/peaksaver,replaced
ca/on/ottawa/appliances/index.html,https://hydroottawa.com/en/save-energy,removed dead website/arrow link
ca/on/barrie/ev-charger/index.html,https://www.barrie.ca/city-hall/environment-sustainability,unwrapped
ca/on/barrie/ev-charger/index.html,https://www.simcoe.ca/climatechange,unwrapped
ca/on/barrie/ev-charger/index.html,https://www.torontohydro.com/for-home/peaksaver,replaced
ca/on/barrie/smart-thermostats/index.html,https://www.barrie.ca/living-in-barrie/environmental-sustainability,unwrapped
ca/on/barrie/appliances/index.html,https://www.barrie.ca/city-hall/environment-sustainability,removed dead website/arrow link
ca/on/oshawa/ev-charger/index.html,https://www.durham.ca/en/regional-government/electric-vehicles.aspx,unwrapped
ca/on/oshawa/ev-charger/index.html,https://www.oshawa.ca/en/business-and-development/community-energy-plan.aspx,unwrapped
ca/on/oshawa/ev-charger/index.html,https://www.torontohydro.com/for-home/peaksaver,replaced
ca/on/oshawa/smart-thermostats/index.html,https://www.oshawa.ca/en/business-and-development/community-energy-plan.aspx,unwrapped
ca/on/oshawa/battery/index.html,https://www.durham.ca/en/living-here/community-energy-plan.aspx,unwrapped
ca/on/windsor/ev-charger/index.html,https://www.citywindsor.ca/residents/environment/Community-Energy-Plan/Pages/Community-Energy-Plan.aspx,unwrapped
ca/on/windsor/ev-charger/index.html,https://www.torontohydro.com/for-home/peaksaver,replaced
ca/on/windsor/smart-thermostats/index.html,https://www.citywindsor.ca/residents/environment/Community-Energy-Plan/Pages/Community-Energy-Plan.aspx,unwrapped
ca/on/london/ev-charger/index.html,https://london.ca/government/environment-climate-change/climate-emergency-action-plan,unwrapped
ca/on/london/ev-charger/index.html,https://www.torontohydro.com/for-home/peaksaver,replaced
ca/on/london/smart-thermostats/index.html,https://london.ca/government/environment-sustainability/climate-emergency-action-plan,unwrapped
ca/on/london/battery/index.html,https://london.ca/climate-emergency,unwrapped
ca/on/richmond-hill/solar/index.html,https://www.richmondhill.ca/en/build-and-invest/community-energy-plan.aspx,unwrapped
ca/on/richmond-hill/ev-charger/index.html,https://www.richmondhill.ca/en/find-or-request/community-energy-plan.aspx,unwrapped
ca/on/richmond-hill/ev-charger/index.html,https://www.torontohydro.com/for-home/peaksaver,replaced
ca/on/richmond-hill/ev-charger/index.html,https://www.york.ca/environment/climate-change,unwrapped
ca/on/richmond-hill/smart-thermostats/index.html,https://www.richmondhill.ca/en/live-and-play/community-energy-plan.aspx,unwrapped
ca/on/richmond-hill/appliances/index.html,https://alectrautilities.com/save-energy,removed dead website/arrow link
ca/on/richmond-hill/appliances/index.html,https://www.york.ca/waste-management,removed dead website/arrow link
ca/on/richmond-hill/battery/index.html,https://www.york.ca/community/environmental-sustainability/climate-change,unwrapped
ca/on/sault-ste-marie/solar/index.html,https://www.saultstemarie.ca/Living-Here/Environmental-Sustainability.aspx,unwrapped
ca/on/sault-ste-marie/ev-charger/index.html,https://www.saultstemarie.ca/Living/Environment.aspx,unwrapped
ca/on/sault-ste-marie/ev-charger/index.html,https://www.saultstemarie.ca/Living/Environment/Community-Energy-Plan.aspx,unwrapped
ca/on/sault-ste-marie/ev-charger/index.html,https://www.torontohydro.com/for-home/peaksaver,replaced
ca/on/sault-ste-marie/smart-thermostats/index.html,https://www.saultstemarie.ca/Living-in-SSM/Environment/Community-Energy-Plan,unwrapped
ca/on/sault-ste-marie/battery/index.html,https://saultstemarie.ca/City-Hall/City-Departments/Community-Development-Enterprise-Services/Environment/Climate-Change.aspx,unwrapped
ca/on/toronto/ev-charger/index.html,https://www.torontohydro.com/for-home/peaksaver,replaced
ca/on/mississauga/ev-charger/index.html,https://www.mississauga.ca/city-of-mississauga-master-plans/climate-change-action-plan/,unwrapped
ca/on/mississauga/ev-charger/index.html,https://www.peelregion.ca/climatechange/,unwrapped
ca/on/mississauga/ev-charger/index.html,https://www.torontohydro.com/for-home/peaksaver,replaced
ca/on/mississauga/smart-thermostats/index.html,https://www.mississauga.ca/city-of-mississauga-organization/climate-change/,unwrapped
ca/on/mississauga/battery/index.html,https://www.mississauga.ca/city-of-mississauga/climate-change/,unwrapped
ca/on/kingston/ev-charger/index.html,https://www.cityofkingston.ca/city-hall/projects-construction/climate-leadership-plan,unwrapped
ca/on/kingston/ev-charger/index.html,https://www.torontohydro.com/for-home/peaksaver,replaced
ca/on/kingston/battery/index.html,https://www.cityofkingston.ca/resident/emergency-management,removed dead website/arrow link
ca/on/burlington/ev-charger/index.html,https://www.burlington.ca/en/services-for-you/climate-action.aspx,unwrapped
ca/on/burlington/ev-charger/index.html,https://www.torontohydro.com/for-home/peaksaver,replaced
ca/on/burlington/smart-thermostats/index.html,https://www.burlington.ca/en/services-for-you/climate-action.aspx,unwrapped
ca/on/burlington/appliances/index.html,https://www.burlington.ca/en/services-for-you/climate-action.aspx,removed dead website/arrow link
ca/on/burlington/battery/index.html,https://www.burlington.ca/en/services-for-you/emergency-preparedness.aspx,removed dead website/arrow link
ca/on/whitby/ev-charger/index.html,https://www.durham.ca/en/regional-government/electric-vehicles.aspx,unwrapped
ca/on/whitby/ev-charger/index.html,https://www.torontohydro.com/for-home/peaksaver,replaced
ca/on/whitby/ev-charger/index.html,https://www.whitby.ca/en/business-and-investment/community-energy-plan.aspx,unwrapped
ca/on/whitby/smart-thermostats/index.html,https://www.whitby.ca/en/town-hall/community-energy-plan.aspx,unwrapped
ca/on/brampton/ev-charger/index.html,https://www.brampton.ca/EN/residents/environment/Pages/Climate-Change.aspx,unwrapped
ca/on/brampton/ev-charger/index.html,https://www.peelregion.ca/climatechange/,unwrapped
ca/on/brampton/ev-charger/index.html,https://www.torontohydro.com/for-home/peaksaver,replaced
ca/on/timmins/ev-charger/index.html,https://www.timmins.ca/city_hall/environment/,unwrapped
ca/on/timmins/ev-charger/index.html,https://www.torontohydro.com/for-home/peaksaver,replaced
ca/on/peterborough/solar/index.html,https://www.peterborough.ca/en/city-hall/climate-change.aspx,unwrapped
ca/on/peterborough/ev-charger/index.html,https://www.peterborough.ca/en/city-services/climate-change-action-plan.aspx,unwrapped
ca/on/peterborough/ev-charger/index.html,https://www.torontohydro.com/for-home/peaksaver,replaced
ca/on/peterborough/battery/index.html,https://www.peterborough.ca/en/city-services/climate-change.aspx,unwrapped
ca/on/cambridge/solar/index.html,https://www.cambridge.ca/en/learn-about/environment-and-sustainability.aspx,unwrapped
ca/on/cambridge/solar/index.html,https://www.regionofwaterloo.ca/en/living-here/transformwr.aspx,unwrapped
ca/on/cambridge/ev-charger/index.html,https://www.cambridge.ca/en/live-here/climate-change.aspx,unwrapped
ca/on/cambridge/ev-charger/index.html,https://www.regionofwaterloo.ca/en/living-here/climate-action.aspx,unwrapped
ca/on/cambridge/ev-charger/index.html,https://www.torontohydro.com/for-home/peaksaver,replaced
ca/on/cambridge/smart-thermostats/index.html,https://www.cambridge.ca/en/live-here/climate-action.aspx,unwrapped
ca/on/cambridge/appliances/index.html,https://www.cambridge.ca/en/discover-cambridge/environment-and-sustainability.aspx,removed dead website/arrow link
ca/on/markham/ev-charger/index.html,https://www.markham.ca/en/live-in-markham/community-energy-plan.aspx,unwrapped
ca/on/markham/ev-charger/index.html,https://www.torontohydro.com/for-home/peaksaver,replaced
ca/on/markham/ev-charger/index.html,https://www.york.ca/environment/climate-change,unwrapped
ca/on/markham/smart-thermostats/index.html,https://www.markham.ca/en/live-and-play/environmental-sustainability.aspx,unwrapped
ca/on/markham/battery/index.html,https://www.markham.ca/wps/portal/home/community/environmental-sustainability,unwrapped
ca/on/markham/battery/index.html,https://www.york.ca/environment/climate-change,unwrapped
ca/on/hamilton/ev-charger/index.html,https://www.hamilton.ca/city-council/plans-strategies/corporate-climate-change-action-strategy,unwrapped
ca/on/hamilton/ev-charger/index.html,https://www.torontohydro.com/for-home/peaksaver,replaced
ca/on/hamilton/smart-thermostats/index.html,https://www.hamilton.ca/city-council/plans-strategies/climate-change-community-energy,unwrapped
ca/on/kitchener/solar/index.html,https://www.kitchener.ca/en/news/community-plan-to-reduce-waterloo-region-s-greenhouse-gas-ghg-emissions-up-for-comment.aspx,unwrapped
ca/on/kitchener/ev-charger/index.html,https://www.kitchener.ca/en/city-services/climate-change.aspx,unwrapped
ca/on/kitchener/ev-charger/index.html,https://www.regionofwaterloo.ca/en/living-here/climate-action.aspx,unwrapped
ca/on/kitchener/ev-charger/index.html,https://www.torontohydro.com/for-home/peaksaver,replaced
ca/on/kitchener/smart-thermostats/index.html,https://www.kitchener.ca/en/city-services/climate-change.aspx,unwrapped
ca/on/greater-sudbury/ev-charger/index.html,https://www.greatersudbury.ca/live/environmental-services/community-energy-and-emissions-plan/,unwrapped
ca/on/greater-sudbury/ev-charger/index.html,https://www.torontohydro.com/for-home/peaksaver,replaced
ca/on/greater-sudbury/smart-thermostats/index.html,https://www.greatersudbury.ca/live/environmental-services/energy/,unwrapped
ca/on/greater-sudbury/battery/index.html,https://www.greatersudbury.ca/live/emergency-preparedness/,removed dead website/arrow link
ca/on/vaughan/ev-charger/index.html,https://www.torontohydro.com/for-home/peaksaver,replaced
ca/on/vaughan/ev-charger/index.html,https://www.york.ca/environment/climate-change,unwrapped
ca/on/niagara-falls/ev-charger/index.html,https://niagarafalls.ca/living/environment/community-energy-plan.aspx,unwrapped
ca/on/niagara-falls/ev-charger/index.html,https://www.torontohydro.com/for-home/peaksaver,replaced
ca/on/niagara-falls/smart-thermostats/index.html,https://niagarafalls.ca/living/environment/default.aspx,unwrapped
ca/on/niagara-falls/battery/index.html,https://niagarafalls.ca/living/emergency-management/default.aspx,removed dead website/arrow link
ca/ab/lethbridge/solar/index.html,https://www.lethbridge.ca/living-here/environment,unwrapped
ca/ab/lethbridge/appliances/index.html,https://www.lethbridge.ca/living-here/environment/climate-action/,removed dead website/arrow link
ca/ab/lethbridge/appliances/index.html,https://www.lethbridge.ca/living-here/environment/waste-recycling/,removed dead website/arrow link
ca/ab/lethbridge/battery/index.html,https://www.lethbridge.ca/en/city-government/emergency-management.aspx,unwrapped
ca/ab/red-deer/solar/index.html,https://www.reddeer.ca/living-in-red-deer/environment/,unwrapped
ca/ab/red-deer/appliances/index.html,https://www.reddeer.ca/living-in-red-deer/environment/,removed dead website/arrow link
ca/ab/red-deer/appliances/index.html,https://www.reddeer.ca/living-in-red-deer/environment/waste-management/,removed dead website/arrow link
ca/ab/red-deer/battery/index.html,https://www.aeso.ca/grid/current-supply-demand/,replaced
ca/ab/red-deer/battery/index.html,https://www.epcor.com/products-services/power/outages,replaced
ca/ab/red-deer/battery/index.html,https://www.reddeer.ca/living-in-red-deer/public-safety/emergency-management/,unwrapped
ca/ab/st-albert/appliances/index.html,https://stalbert.ca/city/waste/,removed dead website/arrow link
ca/ab/st-albert/battery/index.html,https://stalbert.ca/city/emergency/,unwrapped
ca/ab/st-albert/battery/index.html,https://www.aeso.ca/grid/current-supply-demand/,replaced
ca/ab/edmonton/water-heater/index.html,https://www.edmonton.ca/programs_services/funding_grants/clean-energy-improvement-program,unwrapped
ca/ab/edmonton/solar/index.html,https://www.edmonton.ca/programs_services/for_the_environment/change-for-climate,unwrapped
ca/ab/edmonton/appliances/index.html,https://www.edmonton.ca/city_government/environmental_stewardship/climate-resilience,removed dead website/arrow link
ca/ab/edmonton/appliances/index.html,https://www.edmonton.ca/programs_services/garbage_waste/large-item-pickup,removed dead website/arrow link
ca/ab/edmonton/battery/index.html,https://www.edmonton.ca/city_government/environmental_stewardship/community-energy-transition-strategy,unwrapped
ca/ab/edmonton/battery/index.html,https://www.edmonton.ca/programs_services/emergency_preparedness,unwrapped
ca/ab/edmonton/battery/index.html,https://www.epcor.com/products-services/power/outages,replaced
ca/ab/fort-mcmurray/solar/index.html,https://www.rmwb.ca/en/business-and-development/sustainability.aspx,unwrapped
ca/ab/fort-mcmurray/appliances/index.html,https://www.rmwb.ca/en/business-and-development/environment.aspx,removed dead website/arrow link
ca/ab/fort-mcmurray/appliances/index.html,https://www.rmwb.ca/en/programs-and-services/large-item-pickup.aspx,removed dead website/arrow link
ca/ab/fort-mcmurray/battery/index.html,https://www.rmwb.ca/en/community-and-neighbourhood/wildfire-mitigation.aspx,unwrapped
ca/ab/fort-mcmurray/battery/index.html,https://www.rmwb.ca/en/protective-services/emergency-management.aspx,unwrapped
ca/ab/calgary/water-heater/index.html,https://www.calgary.ca/development/awards/ceip.html,unwrapped
ca/ab/calgary/appliances/index.html,https://www.calgary.ca/environment/climate-and-environment.html,removed dead website/arrow link
ca/ab/calgary/appliances/index.html,https://www.calgary.ca/waste/recycling/large-items.html,removed dead website/arrow link
ca/ab/calgary/battery/index.html,https://www.calgary.ca/climate-home-neighbourhoods/climate/resilience-strategy.html,unwrapped
ca/bc/nanaimo/index.html,https://www.nanaimo.ca/city-services/home-property/building-permits,unwrapped
ca/bc/penticton/index.html,https://www.penticton.ca/city-services/building-permits,unwrapped
ca/bc/abbotsford/index.html,https://www.abbotsford.ca/business-and-development/permits,unwrapped
ca/bc/squamish/index.html,https://squamish.ca/business-and-development/building/,unwrapped
ca/bc/chilliwack/index.html,https://www.chilliwack.com/main/page.cfm?id=112,unwrapped
ca/bc/kamloops/index.html,https://www.kamloops.ca/city-services/building-permits-inspections,unwrapped
ca/bc/fraser-valley/index.html,https://cleanbc.gov.bc.ca/programs/,replaced
ca/bc/surrey/index.html,https://www.surrey.ca/services-payments/building-permits,unwrapped
ca/bc/vernon/index.html,https://www.vernon.ca/homes-building/building-permits-inspections,unwrapped
ca/bc/squamish/solar/index.html,https://squamish.ca/climate-action/local-action/municipal-action/,unwrapped
ca/bc/kelowna/battery/index.html,https://www.westkelownacity.ca/en/news/city-of-west-kelowna-community-update-august-26-2023.aspx,unwrapped
ca/ns/halifax/insulation/index.html,https://www.halifax.ca/home-property/environment-energy/halifacts,unwrapped
ca/ns/halifax/appliances/index.html,https://www.halifax.ca/about-halifax/regional-community-planning/halifact,removed dead website/arrow link
ca/ns/halifax/appliances/index.html,https://www.halifax.ca/home-property/garbage-recycling-green-cart/bulk-large-item-pickup,removed dead website/arrow link
ca/ns/halifax/battery/index.html,https://www.halifax.ca/about-halifax/energy-environment/halifact,unwrapped
ca/ns/cape-breton/appliances/index.html,https://www.cbrm.ns.ca/sustainable-cbrm.html,removed dead website/arrow link
ca/ns/cape-breton/appliances/index.html,https://www.cbrm.ns.ca/waste-collection.html,removed dead website/arrow link
us/pa/index.html,https://www.pa.gov/agencies/dced/programs/weatherization-assistance-program-wap-.html,removed dead website/arrow link
us/pa/index.html,https://www.pa.gov/agencies/dhs/resources/heap.html,removed dead website/arrow link
us/ny/con-edison/mount-vernon/ev-charger/index.html,https://www.chargepoint.com/products/home/flex/,replaced
us/ny/con-edison/mount-vernon/battery/index.html,https://cmvny.com/departments/building-department/,unwrapped
us/ny/con-edison/white-plains/ev-charger/index.html,https://www.chargepoint.com/products/home/flex/,replaced
us/ny/con-edison/white-plains/appliances/index.html,https://www.cityofwhiteplains.com/162/Sustainability,removed dead website/arrow link
us/ny/con-edison/new-rochelle/ev-charger/index.html,https://www.chargepoint.com/products/home/flex/,replaced
us/ny/con-edison/new-rochelle/battery/index.html,https://www.newrochelleny.com/1591/GreeNR,unwrapped
us/ny/con-edison/yonkers/water-heater/index.html,https://www.globemechanicalny.com/,removed dead website/arrow link
us/ny/con-edison/yonkers/ev-charger/index.html,https://www.chargepoint.com/products/home/flex/,replaced
us/ny/con-edison/yonkers/ev-charger/index.html,https://www.globemechanicalny.com/,removed dead website/arrow link
us/ny/con-edison/yonkers/windows-doors/index.html,https://www.globemechanicalny.com/,removed dead website/arrow link
us/ny/con-edison/yonkers/insulation/index.html,https://www.globemechanicalny.com/,removed dead website/arrow link
us/ny/con-edison/yonkers/smart-thermostats/index.html,https://www.globemechanicalny.com/,removed dead website/arrow link
us/ny/con-edison/yonkers/appliances/index.html,https://www.yonkersny.gov/government/departments/planning-and-development/sustainability,removed dead website/arrow link
us/ny/con-edison/yonkers/battery/index.html,https://www.yonkersny.gov/government/departments/office-of-emergency-management,unwrapped
us/ny/con-edison/new-york-city/ev-charger/index.html,https://www.chargepoint.com/products/home/flex/,replaced
us/ny/national-grid/albany/water-heater/index.html,https://www.albanyny.gov/928/Office-of-Energy-and-Climate-Change,unwrapped
us/ny/national-grid/albany/solar/index.html,https://www.albanyny.gov/1483/Sustainability,unwrapped
us/ny/national-grid/albany/solar/index.html,https://www.albanyny.gov/1483/Sustainability,unwrapped
us/ny/national-grid/albany/ev-charger/index.html,https://www.chargepoint.com/products/home/flex/,replaced
us/ny/national-grid/albany/appliances/index.html,https://www.albanyny.gov/1633/Sustainability,removed dead website/arrow link
us/ny/national-grid/buffalo/solar/index.html,https://www.buffalony.gov/1481/Office-of-Strategic-Planning,unwrapped
us/ny/national-grid/buffalo/solar/index.html,https://www.buffalony.gov/1481/Office-of-Strategic-Planning,unwrapped
us/ny/national-grid/buffalo/ev-charger/index.html,https://www.chargepoint.com/products/home/flex/,replaced
us/ny/national-grid/syracuse/ev-charger/index.html,https://www.chargepoint.com/products/home/flex/,replaced
us/ny/national-grid/rochester/ev-charger/index.html,https://www.chargepoint.com/products/home/flex/,replaced
us/ny/pseg/southampton/water-heater/index.html,https://southamptonvillage.org/162/Building-Department,unwrapped
us/ny/pseg/southampton/battery/index.html,https://www.southamptontownny.gov/453/Sustainability,unwrapped
us/ny/pseg/oyster-bay/ev-charger/index.html,https://www.chargepoint.com/products/home/flex/,replaced
us/ny/pseg/huntington/ev-charger/index.html,https://www.chargepoint.com/products/home/flex/,replaced
us/ny/pseg/islip/ev-charger/index.html,https://www.chargepoint.com/products/home/flex/,replaced
us/ny/pseg/smithtown/water-heater/index.html,https://www.smithtownny.gov/162/Environmental-Protection,unwrapped
us/ny/pseg/smithtown/ev-charger/index.html,https://www.chargepoint.com/products/home/flex/,replaced
us/ny/pseg/brookhaven/ev-charger/index.html,https://www.chargepoint.com/products/home/flex/,replaced
us/ny/pseg/babylon/water-heater/index.html,https://www.townofbabylon.com/162/Environmental-Control,unwrapped
us/ny/pseg/babylon/ev-charger/index.html,https://www.chargepoint.com/products/home/flex/,replaced
us/ny/central-hudson/beacon/ev-charger/index.html,https://www.chargepoint.com/products/home/flex/,replaced
us/ny/central-hudson/kingston/water-heater/index.html,https://www.kingston-ny.gov/climatesmart,unwrapped
us/ny/central-hudson/kingston/ev-charger/index.html,https://www.chargepoint.com/products/home/flex/,replaced
us/ny/central-hudson/saugerties/ev-charger/index.html,https://www.chargepoint.com/products/home/flex/,replaced
us/ny/central-hudson/poughkeepsie/ev-charger/index.html,https://www.chargepoint.com/products/home/flex/,replaced
us/ny/central-hudson/newburgh/water-heater/index.html,https://www.orangecountygov.com/1900/Climate-Smart-Communities,unwrapped
us/ny/central-hudson/newburgh/ev-charger/index.html,https://www.chargepoint.com/products/home/flex/,replaced
us/pa/erie/index.html,http://tdalboraheatingandcooling.com/?utm_source=gmb&amp;utm_medium=referral,removed dead website/arrow link
us/pa/allentown/solar/index.html,https://www.pa.gov/agencies/dep/programs-and-services/energy-programs/pennsylvania-sunshine-solar-program.html,unwrapped
us/pa/allentown/ev-charger/index.html,https://www.chargepoint.com/products/home/flex/,replaced
us/pa/allentown/appliances/index.html,https://www.pplelectric.com/save-energy-and-money,removed dead website/arrow link
us/pa/allentown/appliances/index.html,https://www.pplelectric.com/save-energy-and-money/rebates-and-incentives.aspx,removed dead website/arrow link
us/pa/allentown/hrv/index.html,https://rebates.energy/pa/2076/residential/pa49f-ppl-electric-utilities-residential-energy-efficiency-rebate-program/,removed dead website/arrow link
us/pa/pittsburgh/solar/index.html,https://www.pa.gov/agencies/dep/programs-and-services/energy-programs/pennsylvania-sunshine-solar-program.html,unwrapped
us/pa/pittsburgh/ev-charger/index.html,https://www.chargepoint.com/products/home/flex/,replaced
us/pa/philadelphia/water-heater/index.html,https://www.phila.gov/departments/philadelphia-housing-development-corporation/basic-systems-repair-program/,unwrapped
us/pa/philadelphia/ev-charger/index.html,https://www.chargepoint.com/products/home/flex/,replaced
us/pa/erie/solar/index.html,https://www.pa.gov/agencies/dep/programs-and-services/energy-programs/pennsylvania-sunshine-solar-program.html,unwrapped
us/pa/erie/ev-charger/index.html,https://www.chargepoint.com/products/home/flex/,replaced
us/pa/erie/appliances/index.html,https://www.firstenergycorp.com/save_energy/pennsylvania.html,removed dead website/arrow link
us/pa/erie/appliances/index.html,https://www.firstenergycorp.com/save_energy/pennsylvania.html,removed dead website/arrow link
us/pa/erie/heat-pump/index.html,http://tdalboraheatingandcooling.com/?utm_source=gmb&amp;utm_medium=referral,removed dead website/arrow link
us/ca/los-angeles/burbank/index.html,https://www.annexsolar.us/,removed dead website/arrow link
us/ca/los-angeles/glendale/ev-charger/index.html,https://www.chargepoint.com/products/home/flex/,replaced
us/ca/los-angeles/los-angeles/solar/index.html,https://www.ladwp.com/residential-account/save-money-and-energy/solar,removed dead website/arrow link
us/ca/los-angeles/los-angeles/solar/index.html,https://www.ladwp.com/residential-account/save-money-and-energy/solar,removed dead website/arrow link
us/ca/los-angeles/los-angeles/ev-charger/index.html,https://www.chargepoint.com/products/home/flex/,replaced
us/ca/los-angeles/los-angeles/windows-doors/index.html,https://www.ladwp.com/residential-rebates,unwrapped
us/ca/los-angeles/los-angeles/heat-pump/index.html,https://www.ladwp.com/residential-account/save-money-and-energy/rebates-and-incentives,removed dead website/arrow link
us/ca/los-angeles/burbank/solar/index.html,https://www.burbankwaterandpower.com/save-money-energy/rebates-incentives,replaced
us/ca/los-angeles/burbank/ev-charger/index.html,https://www.chargepoint.com/products/home/flex/,replaced
us/ca/los-angeles/burbank/battery/index.html,https://www.annexsolar.us/,removed dead website/arrow link
us/ca/los-angeles/burbank/battery/index.html,https://www.burbankwaterandpower.com/save-money-energy/rebates-incentives,replaced
us/ca/los-angeles/long-beach/water-heater/index.html,https://www.longbeach.gov/lbu/,removed dead website/arrow link
us/ca/los-angeles/long-beach/ev-charger/index.html,https://www.chargepoint.com/products/home/flex/,replaced
us/ca/los-angeles/pasadena/ev-charger/index.html,https://www.chargepoint.com/products/home/flex/,replaced
us/ca/los-angeles/santa-monica/ev-charger/index.html,https://www.chargepoint.com/products/home/flex/,replaced
us/ca/los-angeles/santa-monica/battery/index.html,https://www.santamonica.gov/departments/sustainability,unwrapped
us/ca/san-diego/escondido/ev-charger/index.html,https://www.chargepoint.com/products/home/flex/,replaced
us/ca/san-diego/escondido/insulation/index.html,https://gridalternatives.org/regions/san-diego,replaced
us/ca/san-diego/escondido/insulation/index.html,https://www.escondido.org/climate-action-plan.aspx,unwrapped
us/ca/san-diego/escondido/battery/index.html,https://www.escondido.org/climate-action-plan.aspx,unwrapped
us/ca/san-diego/escondido/battery/index.html,https://www.sdge.com/residential/savings-center/rebates-financing/special-offers/self-generation-incentive-program,unwrapped
us/ca/san-diego/chula-vista/ev-charger/index.html,https://www.chargepoint.com/products/home/flex/,replaced
us/ca/san-diego/chula-vista/insulation/index.html,https://gridalternatives.org/regions/san-diego,replaced
us/ca/san-diego/chula-vista/battery/index.html,https://www.sdge.com/residential/savings-center/rebates-financing/special-offers/self-generation-incentive-program,unwrapped
us/ca/san-diego/san-diego/water-heater/index.html,https://www.sandiego.gov/sustainability,removed dead website/arrow link
us/ca/san-diego/san-diego/ev-charger/index.html,https://www.chargepoint.com/products/home/flex/,replaced
us/ca/san-diego/san-diego/insulation/index.html,https://gridalternatives.org/regions/san-diego,replaced
us/ca/san-diego/san-diego/battery/index.html,https://www.sdge.com/residential/savings-center/rebates-financing/special-offers/self-generation-incentive-program,unwrapped
us/ca/inland-empire/san-bernardino/index.html,https://eazycoolhvac.org/home,removed dead website/arrow link
us/ca/inland-empire/moreno-valley/ev-charger/index.html,https://www.chargepoint.com/products/home/flex/,replaced
us/ca/inland-empire/moreno-valley/battery/index.html,https://rivco.org/emergency-management,unwrapped
us/ca/inland-empire/ontario/ev-charger/index.html,https://www.chargepoint.com/products/home/flex/,replaced
us/ca/inland-empire/ontario/insulation/index.html,https://www.ontarioca.gov/departments/planning,unwrapped
us/ca/inland-empire/ontario/battery/index.html,https://www.ontarioca.gov/departments/planning,unwrapped
us/ca/inland-empire/san-bernardino/water-heater/index.html,http://www.mixonmechanical.com/,removed dead website/arrow link
us/ca/inland-empire/san-bernardino/water-heater/index.html,https://eazycoolhvac.org/home,removed dead website/arrow link
us/ca/inland-empire/san-bernardino/ev-charger/index.html,https://www.chargepoint.com/products/home/flex/,replaced
us/ca/inland-empire/san-bernardino/smart-thermostats/index.html,http://www.mixonmechanical.com/,removed dead website/arrow link
us/ca/inland-empire/san-bernardino/smart-thermostats/index.html,https://eazycoolhvac.org/home,removed dead website/arrow link
us/ca/inland-empire/san-bernardino/heat-pump/index.html,https://eazycoolhvac.org/home,removed dead website/arrow link
us/ca/inland-empire/riverside/ev-charger/index.html,https://www.chargepoint.com/products/home/flex/,replaced
us/ca/bay-area/oakland/ev-charger/index.html,https://www.chargepoint.com/products/home/flex/,replaced
us/ca/bay-area/san-francisco/ev-charger/index.html,https://www.chargepoint.com/products/home/flex/,replaced
us/ca/bay-area/fremont/ev-charger/index.html,https://www.chargepoint.com/products/home/flex/,replaced
us/ca/bay-area/san-jose/ev-charger/index.html,https://www.chargepoint.com/products/home/flex/,replaced
us/ca/bay-area/berkeley/ev-charger/index.html,https://www.chargepoint.com/products/home/flex/,replaced
us/ca/bay-area/berkeley/insulation/index.html,https://www.cityofberkeley.info/oesd/,removed dead website/arrow link
us/ca/bay-area/berkeley/battery/index.html,https://www.berkeleyca.gov/community-recreation/office-of-energy-sustainable-development,unwrapped
us/ca/fresno/ev-charger/index.html,https://www.chargepoint.com/products/home/flex/,replaced
us/ca/bakersfield/ev-charger/index.html,https://www.chargepoint.com/products/home/flex/,replaced
us/ca/sacramento/roseville/water-heater/index.html,https://www.roseville.ca.us/government/departments/electric_utility,removed dead website/arrow link
us/ca/sacramento/roseville/ev-charger/index.html,https://www.chargepoint.com/products/home/flex/,replaced
us/ca/sacramento/roseville/windows-doors/index.html,https://www.roseville.ca.us/government/departments/electric_utility/rebates___energy_savings,unwrapped
us/ca/sacramento/roseville/insulation/index.html,https://www.roseville.ca.us/government/departments/roseville_electric_utility,removed dead website/arrow link
us/ca/sacramento/roseville/battery/index.html,https://www.roseville.ca.gov/government/departments/community_development/planning,unwrapped
us/ca/sacramento/rancho-cordova/ev-charger/index.html,https://www.chargepoint.com/products/home/flex/,replaced
us/ca/sacramento/folsom/ev-charger/index.html,https://www.chargepoint.com/products/home/flex/,replaced
us/ca/sacramento/sacramento/ev-charger/index.html,https://www.chargepoint.com/products/home/flex/,replaced
us/ca/sacramento/sacramento/insulation/index.html,https://gridalternatives.org/regions/greater-sacramento,replaced
us/ca/sacramento/sacramento/insulation/index.html,https://www.cityofsacramento.gov/public-works/sustainability,unwrapped
us/ca/sacramento/sacramento/battery/index.html,https://www.energyaid.net/norcal,replaced
us/co/boulder/solar/index.html,https://bouldercolorado.gov/services/climate-initiatives,removed dead website/arrow link
us/co/boulder/ev-charger/index.html,https://www.chargepoint.com/products/home/flex/,replaced
us/co/boulder/appliances/index.html,https://bouldercolorado.gov/services/energy-programs,removed dead website/arrow link
us/co/boulder/appliances/index.html,https://bouldercolorado.gov/services/recycling-and-trash,removed dead website/arrow link
us/co/denver/ev-charger/index.html,https://www.chargepoint.com/products/home/flex/,replaced
us/co/denver/appliances/index.html,https://denvergov.org/Government/Agencies-Departments-Offices/Department-of-Transportation-Infrastructure/Programs-Services/Solid-Waste-Management/Recycle-Compost-Trash/Large-Items-and-Electronics,removed dead website/arrow link
us/co/colorado-springs/solar/index.html,https://coloradosprings.gov/sustainability,removed dead website/arrow link
us/co/colorado-springs/solar/index.html,https://www.csu.org/Pages/SolarPower.aspx,removed dead website/arrow link
us/co/colorado-springs/ev-charger/index.html,https://www.chargepoint.com/products/home/flex/,replaced
us/co/colorado-springs/appliances/index.html,https://www.coloradosprings.gov/sustainability,removed dead website/arrow link
us/co/colorado-springs/appliances/index.html,https://www.coloradosprings.gov/trash-recycling,removed dead website/arrow link
us/co/fort-collins/ev-charger/index.html,https://www.chargepoint.com/products/home/flex/,replaced
us/co/aurora/solar/index.html,https://www.auroragov.org/city_hall/departments/sustainability,removed dead website/arrow link
us/co/aurora/ev-charger/index.html,https://www.chargepoint.com/products/home/flex/,replaced
us/co/aurora/appliances/index.html,https://www.auroragov.org/city_hall/environmental_services/sustainability,removed dead website/arrow link
us/co/aurora/appliances/index.html,https://www.auroragov.org/residents/trash_and_recycling,removed dead website/arrow link
us/ma/new-bedford/index.html,https://www.coelhosplumbingandheating.com/,removed dead website/arrow link
us/ma/brockton/index.html,http://www.jwhvacserviceandrepair.com/,removed dead website/arrow link
us/ma/boston/index.html,https://www.boston.gov/news/access-increased-renewable-energy-and-energy-efficiency,unwrapped
us/ma/springfield/ev-charger/index.html,https://www.chargepoint.com/products/home/flex/,replaced
us/ma/springfield/appliances/index.html,https://www.springfield-ma.gov/parks-buildings-and-recreation-management/sustainability/,removed dead website/arrow link
us/ma/springfield/appliances/index.html,https://www.springfield-ma.gov/public-works/trash-and-recycling/,removed dead website/arrow link
us/ma/springfield/battery/index.html,https://www.springfield-ma.gov/planning/index.php?id=climate-action,unwrapped
us/ma/lowell/solar/index.html,https://www.nmcog.org/energy-environment,unwrapped
us/ma/lowell/solar/index.html,https://www.nmcog.org/green-communities,unwrapped
us/ma/lowell/ev-charger/index.html,https://www.chargepoint.com/products/home/flex/,replaced
us/ma/lowell/insulation/index.html,https://www.lowellma.gov/1163/Sustainable-Lowell-2025,unwrapped
us/ma/lowell/appliances/index.html,https://www.lowellma.gov/610/Recycling,removed dead website/arrow link
us/ma/lowell/battery/index.html,https://www.lowellma.gov/1173/Emergency-Management,unwrapped
us/ma/lynn/ev-charger/index.html,https://www.chargepoint.com/products/home/flex/,replaced
us/ma/lynn/appliances/index.html,https://www.lynnma.gov/community-development/,removed dead website/arrow link
us/ma/lynn/appliances/index.html,https://www.lynnma.gov/departments/public-works/,removed dead website/arrow link
us/ma/lynn/battery/index.html,https://www.lynnma.gov/departments/emergency-management/,unwrapped
us/ma/boston/ev-charger/index.html,https://www.chargepoint.com/products/home/flex/,replaced
us/ma/boston/appliances/index.html,https://www.boston.gov/departments/public-works/how-recycle-boston,removed dead website/arrow link
us/ma/fall-river/ev-charger/index.html,https://www.chargepoint.com/products/home/flex/,replaced
us/ma/fall-river/appliances/index.html,https://www.fallriverma.org/department/index.php?structureid=44,removed dead website/arrow link
us/ma/fall-river/battery/index.html,https://www.fallriverma.org/community-maintenance/,unwrapped
us/ma/brockton/water-heater/index.html,http://www.jwhvacserviceandrepair.com/,removed dead website/arrow link
us/ma/brockton/ev-charger/index.html,https://www.chargepoint.com/products/home/flex/,replaced
us/ma/brockton/smart-thermostats/index.html,http://www.jwhvacserviceandrepair.com/,removed dead website/arrow link
us/ma/brockton/appliances/index.html,http://www.jwhvacserviceandrepair.com/,removed dead website/arrow link
us/ma/brockton/heat-pump/index.html,http://www.jwhvacserviceandrepair.com/,removed dead website/arrow link
us/ma/lawrence/ev-charger/index.html,https://www.chargepoint.com/products/home/flex/,replaced
us/ma/worcester/solar/index.html,https://www.worcesterma.gov/sustainability,unwrapped
us/ma/worcester/ev-charger/index.html,https://www.chargepoint.com/products/home/flex/,replaced
us/ma/worcester/insulation/index.html,https://www.worcesterma.gov/city-manager/energy-asset-management,unwrapped
us/ma/worcester/appliances/index.html,https://www.worcesterma.gov/sustainability,removed dead website/arrow link
us/ma/worcester/battery/index.html,https://www.worcesterma.gov/climate,unwrapped
us/ma/somerville/ev-charger/index.html,https://www.chargepoint.com/products/home/flex/,replaced
us/ma/somerville/appliances/index.html,https://www.somervillema.gov/departments/public-works/recycling,removed dead website/arrow link
us/ma/somerville/appliances/index.html,https://www.somervillema.gov/departments/sustainability-and-environment,removed dead website/arrow link
us/ma/newton/ev-charger/index.html,https://www.chargepoint.com/products/home/flex/,replaced
us/ma/cambridge/ev-charger/index.html,https://www.chargepoint.com/products/home/flex/,replaced
us/ma/cambridge/appliances/index.html,https://www.cambridgema.gov/CDD/energyandenvironment,removed dead website/arrow link
us/ma/cambridge/appliances/index.html,https://www.cambridgema.gov/departmentprofile/publicworks/recyclingandtrash,removed dead website/arrow link
us/ma/quincy/ev-charger/index.html,https://www.chargepoint.com/products/home/flex/,replaced
us/ma/quincy/appliances/index.html,https://www.quincyma.gov/government/natural_resources/index.php,removed dead website/arrow link
us/ma/quincy/appliances/index.html,https://www.quincyma.gov/government/public_works/solid_waste___recycling/index.php,removed dead website/arrow link
us/ma/new-bedford/water-heater/index.html,https://www.coelhosplumbingandheating.com/,removed dead website/arrow link
us/ma/new-bedford/ev-charger/index.html,https://www.chargepoint.com/products/home/flex/,replaced
us/ma/new-bedford/smart-thermostats/index.html,https://www.coelhosplumbingandheating.com/,removed dead website/arrow link
us/ma/new-bedford/appliances/index.html,https://www.coelhosplumbingandheating.com/,removed dead website/arrow link
us/ma/new-bedford/heat-pump/index.html,https://www.coelhosplumbingandheating.com/,removed dead website/arrow link
us/vt/burlington/ev-charger/index.html,https://www.chargepoint.com/products/home/flex/,replaced
us/vt/burlington/appliances/index.html,https://www.burlingtonvt.gov/climateaction,removed dead website/arrow link
us/vt/burlington/battery/index.html,https://www.burlingtonelectric.com/rebates-incentives,unwrapped
us/vt/barre/ev-charger/index.html,https://www.chargepoint.com/products/home/flex/,replaced
us/vt/barre/battery/index.html,https://www.barrecity.org/departments/planning,unwrapped
us/vt/montpelier/ev-charger/index.html,https://www.chargepoint.com/products/home/flex/,replaced
us/vt/montpelier/battery/index.html,https://vermont.gov/emergency-management,unwrapped
us/vt/south-burlington/solar/index.html,https://www.southburlingtonvt.gov/departments/sustainability,removed dead website/arrow link
us/vt/south-burlington/ev-charger/index.html,https://www.chargepoint.com/products/home/flex/,replaced
us/vt/south-burlington/appliances/index.html,https://www.southburlingtonvt.gov/departments/sustainability,removed dead website/arrow link
us/vt/south-burlington/battery/index.html,https://www.southburlingtonvt.gov/departments/planning_zoning/index.php,unwrapped
us/vt/rutland/ev-charger/index.html,https://www.chargepoint.com/products/home/flex/,replaced
