City,Business Name,Phone,Website,Google Rating,Review Count,Email,Source
Allentown,Ace Hardware Home Services,(610) 713-8218,https://www.acehardwarehomeservices.com/offices/lehigh-valley,4.9,1861,,not found
Allentown,Bright State Energy,(610) 756-8733,https://brightstateenergy.com/,4.7,15,info@brightstatesolar.com,https://brightstateenergy.com/
Allentown,Edwin Stipe HVAC & Plumbing,(610) 477-5489,https://edwinstipe.com/?utm_campaign=google_business_profile,4.9,904,,not found
Allentown,Green Eco Solutions,(610) 973-2500,https://greenecosolutions.com/,4.6,679,,not found
Allentown,Jack Lehr Heating Cooling & Electric,(610) 989-2058,https://www.jacklehr.com/,4.9,1542,contact@jacklehr.com,https://www.jacklehr.com/
Allentown,Lehigh Solar,(484) 362-5823,http://www.lehighsolar.energy/,4.3,11,,not found
Allentown,Morrison Heating & Cooling,(610) 969-6903,,5,14,,no website
Allentown,"Schuler Service, Inc.",(610) 365-4152,https://www.schulerservice.com/,4.9,3772,,not found
Aurora,City Plumbing Heating and Air,(303) 921-7285,https://cityplumbingandair.com/,5,37,cityplumbingandair@gmail.com,https://cityplumbingandair.com/
Aurora,Dad’s Heating & AC,(217) 725-0732,http://dadsheatingandac.com/,5,209,casey@dadsheatingandac.com,http://dadsheatingandac.com/
Aurora,"Local Plumbing, Heating & Cooling",(303) 944-3100,http://www.localphchelp.com/,5,232,localphchelp@gmail.com,http://www.localphchelp.com/
Aurora,MoJo Home Services,(720) 261-0491,https://mojoyourhomes.com/air-conditioning-services/aurora-co,5,46,support@mojoyourhomes.com,https://mojoyourhomes.com/air-conditioning-services/aurora-co
Aurora,Primary Air Home Services,(303) 325-4761,https://primaryairhomeservices.com/,5,145,primaryair.hs@gmail.com,https://primaryairhomeservices.com/
Aurora,Remove and Replace Solar,(720) 710-1995,https://www.rrsolar.com/,4.7,110,office@rrsolar.com,https://www.rrsolar.com/
Aurora,SolarEase Pros,(720) 305-9636,,4.9,20,,no website
Aurora,Tesla Energy - Colorado,(877) 373-7652,https://www.tesla.com/solarpanels?utm_source=gmb_listing&utm_medium=organic&utm_content=tesla_solar&utm_campaign=te_colorado,4.3,16,,not found
Barre,D M Furnace Man,(802) 249-2814,,4.9,16,,no website
Barre,J A Gould Plumbing & Heating Inc,(802) 476-6974,https://www.jagouldplumbingandheating.com/,4.7,65,,not found
Barre,Rez Me Energy™️,(802) 673-3131,https://www.rezmeenergy.com/,5,14,rezmeenergy@gmail.com,https://www.rezmeenergy.com/
Barre,Rowell Plumbing & Heating LLC,(802) 522-0117,https://rowellplumbingheating.com/,5,59,info@rowellplumbingheating.com,https://rowellplumbingheating.com/
Barre,"SERVPRO of Barre, Montpelier",(802) 497-9922,https://www.servpro.com/locations/vt/servpro-of-barre-montpelier?utm_medium=organic&utm_source=gbp,4.2,10,,not found
Boulder,Aqua Care Solar LLC,(303) 589-4428,http://www.aquacaresolar.com/,4.9,30,office@aquacaresolar.com,http://www.aquacaresolar.com/
Boulder,Bernie's Plumbing & Heating Company,(303) 442-7060,http://www.berniesplumbing.com/,4.9,449,info@berniesplumbing.com,http://www.berniesplumbing.com/
Boulder,"Canyon Plumbing & Heating, Inc",(720) 480-6228,https://www.canyonplumbers.com/?utm_source=gmb&utm_medium=organic&utm_campaign=gmb-listing,4.9,291,amber@canyonplumbers.com,https://www.canyonplumbers.com/?utm_source=gmb&utm_medium=organic&utm_campaign=gmb-listing
Boulder,Custom Solar,(303) 859-8597,http://www.customsolar.us/,4.6,29,,not found
Boulder,Evolve Solar & Radiant Heat,(303) 502-4404,http://www.evolvesolarandheat.com/,5,23,info@evolvesolarandheat.com,http://www.evolvesolarandheat.com/
Boulder,Jim Needham Heating Cooling Plumbing and Drain,(720) 248-9663,https://calljimnow.com/?utm_source=google&utm_medium=gbp-boulder,4.9,169,,not found
Boulder,Save Home Heat Company,(303) 963-0489,https://www.savehomeheat.com/?utm_source=google&utm_medium=organic&utm_campaign=GMBListing-Boulder-CO,4.9,847,,not found
Boulder,The Solar Revolution,(303) 815-9360,https://www.thesolarrevolution.com/,4.7,28,,not found
Boulder,The Speedy Electricians,(720) 713-3008,https://www.thespeedyelectricians.com/boulder/,4.7,75,info@thespeedyelectricians.com,https://www.thespeedyelectricians.com/contact
Burlington,Air Systems Inc,,,4.8,22,,no website
Burlington,"Benoure Plumbing, Heating & Air Conditioning",(802) 864-7156,http://www.benoure.com/,4.4,242,info@benoure.com,http://www.benoure.com/
Burlington,E & M Mechanical Inc,(802) 658-1222,http://www.eandminc.com/,4.4,25,rmillette@eandmvt.com,http://www.eandminc.com/
Burlington,Green Mountain Solar,(802) 369-9149,https://www.greenmtnsolar.com/,5,328,info@greenmtnsolar.com,https://www.greenmtnsolar.com/
Burlington,Lakeside Electric Inc.,(802) 862-6508,https://lakesideelectricvt.com/,4.9,631,,not found
Colorado Springs,"Absolute Comfort, Inc",(719) 471-2347,https://www.absolutecomfort.com/,5,83,,not found
Colorado Springs,National Solar Solutions,(719) 399-0551,http://nationalsolar.us/,4.9,97,info@nationalsolar.us,http://nationalsolar.us/
Colorado Springs,Reliable Heating & Cooling LLC,(719) 377-7303,https://reliablehvachelp.com/,5,867,reliablehvacincolorado@outlook.com,https://reliablehvachelp.com/contact
Colorado Springs,Solar Design of Colorado,(719) 322-8891,https://solardesignofcolorado.com/,5,33,solardesign@myctl.net,https://solardesignofcolorado.com/
Colorado Springs,Solar Guard,(719) 359-9727,http://www.solarguardco.com/,5,68,service@solarguardco.com,http://www.solarguardco.com/
Colorado Springs,Solar Made,(719) 635-5125,http://www.solarmade.com/,4.9,14,sales@solarmade.com,http://www.solarmade.com/
Colorado Springs,Steadfast Heating & Air,(719) 748-6752,https://www.steadfastheatingandair.com/?utm_campaign=gmb&utm_medium=gbp&utm_source=gbp,5,395,office@steadfastheatingandair.com,https://www.steadfastheatingandair.com/?utm_campaign=gmb&utm_medium=gbp&utm_source=gbp
Colorado Springs,"Superior HVAC Repair, Colorado Springs.",(844) 922-0880,,5,13,,no website
Colorado Springs,Triton Solar,(719) 418-2192,http://www.tritonsolarco.com/,5,32,cos@tritonsolarco.com,http://www.tritonsolarco.com/
Colorado Springs,Winterrowd Heating & AC Inc,(719) 661-3901,https://winterrowdhvac.com/,5,256,,not found
Denver,ARE Solar,(720) 706-2773,https://aresolar.com/,5,153,,not found
Denver,"All In One Home Services, LLC",(720) 505-7046,https://allinonehomeservices.com/,5,41,contact@allinonehomeservices.com,https://allinonehomeservices.com/
Denver,Apex Clean Air AC & Heating Repair,(720) 730-5856,https://apexcleanair.com/hvac-denver-co/,4.9,2200,info@apexcleanair.com,https://apexcleanair.com/hvac-denver-co/
Denver,"Controlling Systems Heating, AC, and Electrical Repair",(720) 802-2938,https://www.controllingsystemsco.com/?utm_source=GBP&utm_medium=organic,4.9,634,,not found
Denver,MH Electrical and Solar,(303) 915-0914,http://www.mhelectricalandsolar.com/,5,88,,not found
Denver,Roots Heating & Air,(303) 381-3061,https://www.rootshvac.com/?utm_source=gmb&utm_medium=organic&utm_campaign=gmb-listing,5,307,admin@rootshvac.com,https://www.rootshvac.com/contact
Denver,Solar RNR,(720) 410-5554,https://solarrnr.com/,5,305,office@solarrnr.com,https://solarrnr.com/
Denver,"Solargreen Daylighting, Venting and Insulation",(303) 295-7652,https://mysolargreen.com/,5,125,,not found
Denver,Upslope Solar,(303) 223-2525,https://upslopesolar.com/contact-us/,5,73,miles@upslopesolar.com,https://upslopesolar.com/contact-us/
Denver,"Veteran Heating, Cooling, Plumbing & Electric",(720) 594-6631,https://www.servicebyveteran.com/?utm_source=google&utm_medium=organic&utm_campaign=gbpdenver,4.9,461,,not found
Erie,Early Bird Energy,(814) 397-5950,https://drinkthebird.com/,5,174,,not found
Erie,"J.J. Agnello Heating & Air Conditioning, Inc.",(814) 453-5096,https://jjagnello.com/?utm_source=google&utm_medium=organic&utm_campaign=GMBListing-Erie-PA,4.8,216,office@jjagnello.com,https://jjagnello.com/?utm_source=google&utm_medium=organic&utm_campaign=GMBListing-Erie-PA
Erie,Keep Heating & Cooling,(814) 459-8255,http://keepheating.com/,4.9,929,,not found
Erie,Nerthling’s Heating & Air Conditioning,(814) 990-9914,https://nerthlings.com/?utm_source=google&utm_medium=organic&utm_campaign=GMBListing-Erie-PA,4.9,1665,,not found
Erie,Shalkham Electric & Construction Co.,(814) 873-2788,https://shalkhamelectric.com/,4.9,201,info@shalkhamelectric.com,https://shalkhamelectric.com/
Erie,Simonsen Heating and Cooling,(814) 397-1029,http://simonsenheatingandcooling.com/,5,20,contact@sansoxygen.com,http://simonsenheatingandcooling.com/
Erie,Stonehouse Electric Company,(814) 464-0550,https://www.stonehouseelectric.com/,4.9,230,,not found
Erie,T D'Albora Heating and Cooling,(814) 790-1172,http://tdalboraheatingandcooling.com/?utm_source=gmb&utm_medium=referral,5,108,,not found
Fort Collins,"Alt E Wind & Solar, Ltd.",,https://www.altewindandsolar.com/,4.8,53,,not found
Fort Collins,"Balance Point Heating, Cooling & Plumbing",(970) 345-3361,https://balancepointheating.com/?utm_source=google&utm_medium=organic&utm_campaign=gbp,5,806,info@balancepointheating.com,https://balancepointheating.com/?utm_source=google&utm_medium=organic&utm_campaign=gbp
Fort Collins,Homegrown Heating & Air Conditioning,(970) 445-8650,https://homegrownnoco.com/,5,279,office@homegrownnoco.com,https://homegrownnoco.com/
Fort Collins,"Luminous Electric, Heating, & Cooling",(720) 282-1790,https://www.luminouselectricco.com/,4.9,214,,not found
Fort Collins,Master HVAC Fort Collins,(970) 398-8782,http://masterhvacfortcollins.com/,5,14,,not found
Fort Collins,NOCO Energy Solutions,(970) 310-6240,https://nocoenergysolutions.com/?utm_source=gmb&utm_medium=organic&utm_campaign=gmb-listing,5,184,office@nocoenergysolutions.com,https://nocoenergysolutions.com/?utm_source=gmb&utm_medium=organic&utm_campaign=gmb-listing
Fort Collins,Redstone Heating Contractors,(970) 217-5658,http://www.redstoneheating.com/,5,44,,not found
Fort Collins,Sandbox Solar,(970) 673-7733,http://www.sandboxsolar.com/,4.9,278,sales@sandboxsolar.com,http://www.sandboxsolar.com/
Fort Collins,"Skylight Specialists, Inc",(970) 988-3622,https://skyspec.com/,4.8,101,skylights@skyspec.com,https://skyspec.com/
Fort Collins,Solar Pathways Energy & Electrical,(970) 449-6270,http://www.solarpathways.com/,5,36,sales@solarpathways.com,http://www.solarpathways.com/
Montpelier,Lloyd Plumbing Heating Air Electrical,(802) 426-2092,https://calllloyd.com/?utm_campaign=google_business&utm_source=google_business,4.8,988,info@calllloyd.com,https://calllloyd.com/?utm_campaign=google_business&utm_source=google_business
Montpelier,Techno Metal Post Vermont,(802) 276-0549,https://www.technometalpost.com/en-US/dealer/techno-metal-post-vermont/,4.8,33,info.vermont@technometalpost.com,https://www.technometalpost.com/en-US/dealer/techno-metal-post-vermont/
Philadelphia,Arsenal Solar,(215) 677-0873,http://arsenalsolar.com/,5,45,,not found
Philadelphia,"Cardullo Mechanical, LLC",(267) 578-8360,https://cardullomechanical.com/,5,89,info@cardullomechanical.com,https://cardullomechanical.com/
Philadelphia,Delta T Heating & Cooling LLC,(215) 776-4447,http://deltathvacpro.com/,5,106,impallari@gmail.com,http://deltathvacpro.com/
Philadelphia,Downtown Mechanical LLC,(215) 617-3768,https://downtownmechanicalllc.com/,5,267,,not found
Philadelphia,Good Brothers HVAC llc,(445) 800-7690,https://goodbrothershvacservice.com/,5,31,gbhvac17@goodbrothershvacservice.com,https://goodbrothershvacservice.com/
Philadelphia,Imperium Solar,(267) 662-4454,http://www.imperiumsolars.com/,4.5,16,info@imperiumlc.com,http://www.imperiumsolars.com/
Philadelphia,PJ MAC HVAC Service & Repair,(610) 424-6447,https://pjmachvac.com/naudain-philadelphia-hvac-service/?utm_source=gbp_listing&utm_medium=ecg,5,30,,not found
Philadelphia,Solar Myth,,http://www.solarmythbar.com/,4.7,265,solarmythinfo@gmail.com,http://www.solarmythbar.com/
Philadelphia,Solar States,(215) 939-6699,http://www.solar-states.com/,4.8,134,info@solar-states.com,http://www.solar-states.com/contact
Philadelphia,The Energy Co-op,(215) 413-2122,http://www.theenergy.coop/,4.4,17,info@theenergy.coop,http://www.theenergy.coop/
Pittsburgh,Aveyo Solar,(385) 469-3838,https://aveyo.com/,5,13,info@aveyo.com,https://aveyo.com/
Pittsburgh,Connected Energy Solar,(412) 880-1849,https://www.bestsolarpanelspittsburgh.com/?utm_source=google&utm_medium=maps&utm_campaign=gmb,5,46,,not found
Pittsburgh,Green Rack Solar,(412) 822-9947,http://www.greenracksolar.com/,4.9,58,info@greenracksolar.com,http://www.greenracksolar.com/
Pittsburgh,MRT HVAC Contracting,(412) 651-1266,https://www.mrtpgh.com/,5,107,mrthvaccontracting@gmail.com,https://www.mrtpgh.com/
Pittsburgh,PGX Heating And Cooling,(412) 992-8310,https://www.pgxheatingandcooling.com/?utm_campaign=gmb,5,227,,not found
Pittsburgh,"Precision Heating & Cooling Services, LLC",(412) 526-3762,https://www.precisionhvac412.com/,5,37,precisionheatingandcooling412@gmail.com,https://www.precisionhvac412.com/
Pittsburgh,"Spurk AC, Furnace & Boiler Repair",(412) 285-1446,https://spurkhvac.com/area/pittsburgh-pa-ac-repair/?utm_source=google&utm_medium=organic&utm_campaign=gbp_pittsburgh,5,47,,not found
Pittsburgh,White Heating,(412) 364-5003,https://www.whiteheating.com/?utm_source=google&utm_medium=organic&utm_campaign=gbp-profile,4.9,1574,,not found
Rutland,Bernie's Plumbing & Heating,(802) 775-2893,,4.3,41,,no website
Rutland,HEAT Squad HEAT Squad,(802) 438-2303,https://heatsquad.org/contact/,5,11,,not found
Rutland,Jim Manley Plumbing & Heating,(802) 438-2363,,4.8,15,,no website
Rutland,Rob Stubbins Electrical,(802) 775-1484,http://www.robstubbinselectrical.com/index.php,4.1,26,,not found
Rutland,Rutland Heating & Air Conditioning,(802) 206-2626,,4.3,12,,no website
Rutland,The Gas Doctors,(802) 779-6090,https://thegasdoctors.com/,4.9,72,info@thegasdoctors.com,https://thegasdoctors.com/
Rutland,Voity Electrical: Master Electrician,(802) 683-2001,https://www.voityelectrical.com/,4.7,62,,not found
