City,Business Name,Address,Phone,Email,Website,Image URL,Google Rating,Review Count,Google Maps URL,HomePowerRebate Recommended,Notes,Last Updated
Newark,Montes Insulation & Drywall Pros,"21 Gladstone Ave, Newark, NJ 07106, USA",(732) 702-3658,,https://www.njinsulationcompany.com/,https://lh3.googleusercontent.com/grass-cs/AABkmLceay2MVwtieow7wBURpI9ly-01oV3o19tbw4wNbyzWy4WyGarVGgZ4xP98zv5uO5B7h__tLdrh1x3CPZ19OQZmqf_J76gwYn3kaeTqiuB3VRHBd_kgx26hNPuXw7_wsM8JZ9ho-7DMrjLF=s4800-w640,5,12,https://maps.google.com/?cid=14231102560911181969&g_mp=Cidnb29nbGUubWFwcy5wbGFjZXMudjEuUGxhY2VzLlNlYXJjaFRleHQQAhgEIAA,Yes,,2026-10-09
Newark,Spray Foam Insulation USA,"64 Schuyler Ave, Newark, NJ 07112, USA",(732) 797-9732,,http://www.sprayfoaminsulationusa.com/,https://lh3.googleusercontent.com/grass-cs/AABkmLfmHwc0N9X2Rdskkx0HuCAss43AzXnYzyEc6d-QcR9owhAYI_ICPcle4Vb5GL5lJdCBux1ocAHy94oSDOJrfHrWhGqkT78wSse9tqvE4Wmh-dc9ucv1b9OWotciq3gQiTkmVztxwg=s4800-w640,4.4,11,https://maps.google.com/?cid=16572473563603078493&g_mp=Cidnb29nbGUubWFwcy5wbGFjZXMudjEuUGxhY2VzLlNlYXJjaFRleHQQAhgEIAA,No,,2026-10-09
Jersey City,Attic & Mold Crew,"317 Old Bergen Rd, Jersey City, NJ 07305, USA",(551) 372-7428,,,https://lh3.googleusercontent.com/grass-cs/AABkmLdsb7luWaZXiTJKhnHzzwiXuaeST9MROn7_KtTH9qmUN7OaCuVrmwrdCAsB4hYjXgS8Ey2ks4K_u76bSKEUIxhls1wIJddBfysrRUN7f_VSw_T321dzxJ4uZ1k2247XWZ9mvknJ=s4800-w640,5,43,https://maps.google.com/?cid=13148288919048458273&g_mp=Cidnb29nbGUubWFwcy5wbGFjZXMudjEuUGxhY2VzLlNlYXJjaFRleHQQAhgEIAA,Yes,,2026-10-09
Jersey City,J.J. Builders LLC,"344 Grove St #157, Jersey City, NJ 07302, USA",(800) 616-3831,,http://www.j-jhomeremodeling.com/,https://lh3.googleusercontent.com/grass-cs/AABkmLdMX_u9G9q_6cdFW8Vcw-s1w-h86GK-FqFJsp-jVyzkjUBPqA5P6kzd9B7wcTGeSgmXCYnYBrKXhmW3TaZdjlUTNcqkZth610x0JfI9xliDCEFZ783vNd9JExvDITOaJctsBxi_nw=s4800-w640,4.9,66,https://maps.google.com/?cid=2618009931533735570&g_mp=Cidnb29nbGUubWFwcy5wbGFjZXMudjEuUGxhY2VzLlNlYXJjaFRleHQQAhgEIAA,No,,2026-10-09
Jersey City,Falcon Builders | Contractors Jersey City,"315 3rd St, Jersey City, NJ 07302, USA",(201) 904-6128,,http://www.falconbuilders-nj.com/,https://lh3.googleusercontent.com/grass-cs/ACvplmMFiPsfJe3ZqoL7cpugk5iJdwRJPCO3aWVxORNMmFm82yhjrREpKRtTtXAZT2GQDdDRcIbEK3RUXQUS5aJcmdHDDzdQ8pxG4EJUnoS3H8w4MeUItphucnC_s8zCzrzvqqNnXBN3_obJ3xI=s4800-w640,4.9,36,https://maps.google.com/?cid=10463966380549712476&g_mp=Cidnb29nbGUubWFwcy5wbGFjZXMudjEuUGxhY2VzLlNlYXJjaFRleHQQAhgEIAA,No,,2026-10-09
Jersey City,Jeffries Building Solutions,"48 Court House Pl, Jersey City, NJ 07306, USA",(201) 832-7052,,http://jeffriesbuildingsolutionsllc.com/?utm_source=gmb&utm_medium=referral,https://lh3.googleusercontent.com/grass-cs/AABkmLdwRUo_H6N5o4-4ZPctptabtubzscMZFDuMHSFqhgZx5Ww8ZBSPZz4uZlLe7nVNvEeCD-sXCVuoH-SnwG_2G7lUHsQJRMnsf8ct26FW_gqz9ikHDp82814chyisF5Tkeecrlk8N=s4800-w640,5,18,https://maps.google.com/?cid=6450416377632600884&g_mp=Cidnb29nbGUubWFwcy5wbGFjZXMudjEuUGxhY2VzLlNlYXJjaFRleHQQAhgEIAA,No,,2026-10-09
Toms River,Pro-Custom Drywall LLC,"219 Dayton Ave, Toms River, NJ 08753, USA",(732) 385-3989,,https://www.procustomdrywall.com/,https://lh3.googleusercontent.com/grass-cs/AABkmLdAsxMftmO5D3xbMF2c4rJZG_pMM2nsCqYcdOZfBR85tjrKkpkNn1849SsO5iq5b1_d0K07kF28bK5Iz1wGiFjlS3QTRIx9jq-sCfiRoAHZv_VHXxXBCIMbNbcJdAdyXeGtVPkS=s4800-w640,4.9,90,https://maps.google.com/?cid=14321696898450509520&g_mp=Cidnb29nbGUubWFwcy5wbGFjZXMudjEuUGxhY2VzLlNlYXJjaFRleHQQAhgEIAA,Yes,,2026-10-09
Toms River,Ultimate Construction,"1358 Hooper Ave Ste 400, Toms River, NJ 08753, USA",(732) 255-2190,,http://www.ultimateconstructionnj.com/,https://lh3.googleusercontent.com/grass-cs/AABkmLfWCPnj8uEV3KnkOoSUp_xKbdIfsscDkUAOQphgiGv0q1mzEk-KsjGPQ5Wee1RdGF04tuMwxReW9UGenKqVJLJmfDlfM5cKMgDt08vIWWOdZJoAtFjYaWIy9qXVKf3QmFbP3PE=s4800-w612,4.9,25,https://maps.google.com/?cid=14541599760210382478&g_mp=Cidnb29nbGUubWFwcy5wbGFjZXMudjEuUGxhY2VzLlNlYXJjaFRleHQQAhgEIAA,No,,2026-10-09
Toms River,"John Alexander, LLC","1624 Shore Blvd #3031, Toms River, NJ 08753, USA",(732) 278-1616,,,,4.7,11,https://maps.google.com/?cid=3184540334589276051&g_mp=Cidnb29nbGUubWFwcy5wbGFjZXMudjEuUGxhY2VzLlNlYXJjaFRleHQQAhgEIAA,No,,2026-10-09
Atlantic City,Sky Pro Construction,"3907 Ventnor Ave Apt 10, Atlantic City, NJ 08401, USA",(609) 509-4606,,http://www.skyprohome.com/,https://lh3.googleusercontent.com/grass-cs/AABkmLfqH3Q8B2unSTeKpJ5iyXw3Y37QOk5tAC5WTNLVfEYV9WbrBnJ-qloGNcn3R93Gs6WbAwV4o70ekh4_-UaOXac4UiDZEvqkY_isyHRt3sdNsFGgkRRcw_cU7sIqWS_QXWykrycJ=s4800-w640,4.7,41,https://maps.google.com/?cid=10081284184592291217&g_mp=Cidnb29nbGUubWFwcy5wbGFjZXMudjEuUGxhY2VzLlNlYXJjaFRleHQQAhgEIAA,Yes,,2026-10-09
