City,Business Name,Address,Phone,Email,Website,Image URL,Google Rating,Review Count,Google Maps URL,HomePowerRebate Recommended,Notes,Last Updated
Toronto,Goldwater Solar Services Ltd,"231 Fort York Blvd, Toronto, ON M5V 1B2, Canada",(416) 400-4747,info@goldwatersolar.com,http://www.goldwatersolar.com/,https://lh3.googleusercontent.com/grass-cs/ACvplmObjxZCt1Rm_bxdDu86GeMqsEgVhuaYvVrv8wbBE618maTx6EDSWuSaK6CvBLYnX3-en_6y0Et8QhLBukDIqDaBc54HCtfazGnad80pHcIJQGF54N2eV9q2x6MvDwAGoe9dgXgbpQafcBkL=s4800-w640,4.9,70,https://maps.google.com/?cid=3136113520606763654&g_mp=Cidnb29nbGUubWFwcy5wbGFjZXMudjEuUGxhY2VzLlNlYXJjaFRleHQQAhgEIAA,No,,2026-09-28
Toronto,INTOCHARGE,"161 Bay St. #2700, Toronto, ON M5J 1C4, Canada",(844) 800-0844,partnerships@intocharge.com,http://intocharge.com/,https://lh3.googleusercontent.com/grass-cs/ACvplmNiyD_ZxhZ0y_VvMA_ZXdonWh5qmm3uxMvubRD0x90tBkNFpF14tSWdC1pVKw-PMEnX-9pFS39-uOA-KVIzOhiOxaEWgZ-vlpzWGiUOZYbXIntOoeK-FG_QK9ISdvl7VEI7T3pXwaSYJ4qD=s4800-w640,5,30,https://maps.google.com/?cid=12748484614998410710&g_mp=Cidnb29nbGUubWFwcy5wbGFjZXMudjEuUGxhY2VzLlNlYXJjaFRleHQQAhgEIAA,No,,2026-09-28
Toronto,Solar X,"955 Bay St. Ste 2307, Toronto, ON M5S 0C6, Canada",(833) 376-5279,info@solar-x.ca,http://solar-x.ca/,https://lh3.googleusercontent.com/grass-cs/ACvplmOes4p2FmEotVpOiUoUmH6KHmvjvrYmn9osZetMLTsrXDm6ls4j1lK0dFg6aYZLDK9RBHJsidmrSYW83ENTn3SCxZXvvoPmKCTGRWMpKbU6UjPCsm0OaZ2ZI2LZSYXaGHmXWhG1Fw=s4800-w500,4.5,671,https://maps.google.com/?cid=1856823012151048888&g_mp=Cidnb29nbGUubWFwcy5wbGFjZXMudjEuUGxhY2VzLlNlYXJjaFRleHQQAhgEIAA,No,,2026-09-28
Toronto,Better Solar,"88 Harbour St, Toronto, ON M5J 0B5, Canada",,,,https://lh3.googleusercontent.com/grass-cs/ACvplmPAmolGCJmjNTx_w5uQnPXGl3ZUsTJTU4NSZ8X6qPfCFo97YYpkTicK_zyD9e3FGGS_H1IFnPaKV7o_ORvo8wPn5QYHw2LnmE9Ha5-IrYVvh4MRLGBsy5zwbDZApYujIhkAjE3lFQ=s4800-w640,4.5,10,https://maps.google.com/?cid=16263096578726904477&g_mp=Cidnb29nbGUubWFwcy5wbGFjZXMudjEuUGxhY2VzLlNlYXJjaFRleHQQAhgEIAA,No,,2026-09-28
Ottawa,Symmetry Electric,"116 Fairmont Ave, Ottawa, ON K1Y 1X6, Canada",(613) 703-4334,,http://www.symmetryelectric.ca/,https://lh3.googleusercontent.com/grass-cs/ACvplmPLQAEtQW6zjwPzWUYmAWdDI7yh7G2a-tBO0SRqJ5P9NXow3UDWmkLwfiLX-8Y46cXE9O441QePRuZ5px5Z14gM9xvB3n4M2AX7C_83H6MV5J6w50TFJBi3jyjH44UqDXP0up1Fy2rWEPk=s4800-w640,5,222,https://maps.google.com/?cid=12164283698384227585&g_mp=Cidnb29nbGUubWFwcy5wbGFjZXMudjEuUGxhY2VzLlNlYXJjaFRleHQQAhgEIAA,Yes,,2026-09-28
Ottawa,True Beacon Solar,"5500 Canotek Rd, Ottawa, ON K1J 1K6, Canada",(613) 701-1028,,https://truebeacon.ca/?utm_source=google&utm_medium=organic&utm_campaign=google_business_profile,https://lh3.googleusercontent.com/grass-cs/ACvplmPioSXKBwsFTOvybMAkJh3XrmceARWoNEG6VrKX-Swfudhji7MzfR4p_8HfKbzJQsNr8ipFVCi8FSKxHlM0bfiwsndTDUKVSLx43hzBaEl1H_H9F4HG_J2QS49PmDEfV0MaadDdci-Muc7R=s4800-w640,5,169,https://maps.google.com/?cid=13659834598595969434&g_mp=Cidnb29nbGUubWFwcy5wbGFjZXMudjEuUGxhY2VzLlNlYXJjaFRleHQQAhgEIAA,No,,2026-09-28
Ottawa,VoltaPro Electric,"54 Amberly Pl, Ottawa, ON K1J 8A1, Canada",(613) 255-5049,,http://www.voltapro.ca/,https://lh3.googleusercontent.com/grass-cs/ACvplmOhKoW_Vk7EI6laUofLbJDHcj784G0a8tBFwbnkb7Ydny4Cqa0ZhliZ6KhsFIKrRwsHubxzi0aMT0j9kLVxDS9mWvcyaWsOSi0huwcojzZcDBfxPjSh7c5rMOUBQIw5pShT950U6p_0tyTG=s4800-w640,5,90,https://maps.google.com/?cid=15566316968951388054&g_mp=Cidnb29nbGUubWFwcy5wbGFjZXMudjEuUGxhY2VzLlNlYXJjaFRleHQQAhgEIAA,No,,2026-09-28
Ottawa,LB Electric - Ottawa Electrician,"2087 Montréal Rd, Ottawa, ON K1J 6M6, Canada",(613) 701-7484,,https://lbelectric.ca/,https://lh3.googleusercontent.com/grass-cs/ACvplmPUOPnUV8-0urREsaC7I7FBQCEv3h_KBbzJfN_pAWKnf1V0pQc3OTxlKse9aykMk3SObX5FsqrEsobzCsIJAzgBX1kp69zTRad4Iji5XUwzlHoxzUaQPLRtkAS7t73R4dtmeHvGaA=s4800-w640,4.9,475,https://maps.google.com/?cid=13352578451788210511&g_mp=Cidnb29nbGUubWFwcy5wbGFjZXMudjEuUGxhY2VzLlNlYXJjaFRleHQQAhgEIAA,No,,2026-09-28
Ottawa,FIG Solar,"2951 Birchgrove Rd, Ottawa, ON K0A 3E0, Canada",(613) 209-9871,office@figsolar.ca,https://figsolar.ca/,https://lh3.googleusercontent.com/grass-cs/AABkmLdTRMfFTmZX9_ljAn4e7ndqdhZQAIQzHkGOlZDnfUO85q1sXJJtQRmH_AU8W8mfjfpwOsoE_Cbc8xsjLBjfIBgCxo9oC9w2JmFTzp0khuaCcrgG99OmSMQeYGl00xcN0AEo4kEa5OC1aQqS=s4800-w640,5,71,https://maps.google.com/?cid=8404777837980540850&g_mp=Cidnb29nbGUubWFwcy5wbGFjZXMudjEuUGxhY2VzLlNlYXJjaFRleHQQAhgEIAA,No,,2026-09-28
Ottawa,Evolta Electric,"373 Bronson Ave, Ottawa, ON K1R 6J4, Canada",(613) 902-2386,info@evoltaelectric.com,https://evoltaelectric.com/,https://lh3.googleusercontent.com/grass-cs/ACvplmPNF9IYaMJRAZbo0NdqWQHd8a7fCUieElrSELdzaE2JIsLMJ8eUraXxA5gGPHjMzQk3HLKODIhVCd2GeW2yhrCRdxBU2a_dIjtRYxvsPEW-6xGgvWijd0yxw7mE_Tqup46fK_QSpXieLr7T=s4800-w640,4.9,199,https://maps.google.com/?cid=10418039518857150254&g_mp=Cidnb29nbGUubWFwcy5wbGFjZXMudjEuUGxhY2VzLlNlYXJjaFRleHQQAhgEIAA,No,,2026-09-28
Ottawa,Quadra Solar,"1900 City Park Dr 3rd Floor, Ottawa, ON K1J 1G7, Canada",(613) 454-8020,info@quadrasolar.com,https://www.quadrasolar.com/,https://lh3.googleusercontent.com/grass-cs/ACvplmOYgXJZt_bHMuxg0R_pl6tp2wV2BDJ6nqBr6qebUSHYSRQHK5XmPMmPuKIsD3cXW02o2vZZxcJV5Y2mKlqT1Uo7g6yNa4ZMVin6OnaPaKvw198dkDcqmcyxpeX2ddPd7aRF5ytqsBYPOtw=s4800-w640,5,47,https://maps.google.com/?cid=10979930001028551275&g_mp=Cidnb29nbGUubWFwcy5wbGFjZXMudjEuUGxhY2VzLlNlYXJjaFRleHQQAhgEIAA,No,,2026-09-28
Ottawa,Kajk Constructors Inc I Solar Energy & Green Retrofits Contractor,"46 Grenfell Crescent Unit A, Ottawa, ON K2G 0G4, Canada",(613) 869-8254,,https://kajkconstructors.com/,https://lh3.googleusercontent.com/grass-cs/ACvplmO-Cs5aocORfKVPPo9oB1DeU_JtbbmM1Be65JesiDgLGxSkT8bmuxEABp6tOZ1vtEOSU-Az8X_6Wn7RJSiwrUEiYMPw7zNsLmkxJ0S5E9im2YLx05TAuKuG0ye9CFC0EcqW2UDS-c3RL59R=s4800-w640,5,46,https://maps.google.com/?cid=3023273889690242721&g_mp=Cidnb29nbGUubWFwcy5wbGFjZXMudjEuUGxhY2VzLlNlYXJjaFRleHQQAhgEIAA,No,,2026-09-28
Ottawa,Ottawa Solar Power Inc - Solar Energy Solutions,"864 Clyde Ave N, Ottawa, ON K1Z 5A4, Canada",(613) 728-2412,sales@ottawasolarpower.com,https://www.ottawasolarpower.com/,https://lh3.googleusercontent.com/grass-cs/AABkmLcD2pYC2xfGc7hmWQpzSAzvQkkzxXuPu8xREUtGKeDiHrYXudZYfPVWzvlytjIQWoGhQv1eEF6kZe4K_dUBWLQbgiOcFynERbsBgxoTfUGybWXAA3X2DcCnX4kksp3BwEGrS3zQtbgbQCQj=s4800-w640,4.4,42,https://maps.google.com/?cid=8280719240202255892&g_mp=Cidnb29nbGUubWFwcy5wbGFjZXMudjEuUGxhY2VzLlNlYXJjaFRleHQQAhgEIAA,No,,2026-09-28
Mississauga,Green Solar World Inc,"5040 Maingate Dr Unit 6, Mississauga, ON L4W 1X5, Canada",(905) 282-9242,greensolarworldinc@gmail.com,http://www.gsworld.ca/,https://lh3.googleusercontent.com/grass-cs/ACvplmPOSut6hxJaqiu2W-7J-LbhEyLbf5zjq5FzwSwa3J4HGEnR91sf2aGsp_opR9PPqwgIyvnfKP2rNS7PrbOshC64_Rm6M6a6Ho-Xiph5Lco64fbD3uVGmSFffHhLCt5jaC2SefQfuw=s4800-w640,5,241,https://maps.google.com/?cid=4075807840679946462&g_mp=Cidnb29nbGUubWFwcy5wbGFjZXMudjEuUGxhY2VzLlNlYXJjaFRleHQQAhgEIAA,Yes,,2026-09-28
Mississauga,Blue sky solar inc,"4099 Brickstone Mews, Mississauga, ON L5B 0G2, Canada",(888) 266-6912,,https://www.blueskysolar.ca/,https://lh3.googleusercontent.com/grass-cs/ACvplmPzK0ZxGfTv5dgCG3D_WS5i6gtpQujI2hebcNxoEcJbg1TwInDEIurYd5tJ703JqjbzdHMuMftCIpCTC7DvQx8VMZ8bm2kVV9m_wIJHJdm0exuiEBgw29zOn6Zj45al3Br--f56kQ=s4800-w613,5,110,https://maps.google.com/?cid=2632186851057874643&g_mp=Cidnb29nbGUubWFwcy5wbGFjZXMudjEuUGxhY2VzLlNlYXJjaFRleHQQAhgEIAA,No,,2026-09-28
Mississauga,mySolar,"3176 Ridgeway Dr #60, Mississauga, ON L5L 5S6, Canada",(800) 599-2641,,https://www.mysolarhome.ca/?utm_source=gmb_mississauga&utm_medium=organic,https://lh3.googleusercontent.com/grass-cs/ACvplmPrqpqBIJASKakBKCv56Ih6uJP8UEgJpvNcpaJKu0HnqITh_gdZ4BKo_xSuS6KSOkNK1gyLgdEZf1gDMAzADt8g3NRCCqdKSO5fl56jjFRDeTjHWB0ICur5asQI8uvHvbIM5UVLVw=s4800-w640,4.6,134,https://maps.google.com/?cid=16195585116963053594&g_mp=Cidnb29nbGUubWFwcy5wbGFjZXMudjEuUGxhY2VzLlNlYXJjaFRleHQQAhgEIAA,No,,2026-09-28
Mississauga,Solario,"3342 Grechen Rd, Mississauga, ON L5C 1X9, Canada",(437) 872-0700,,https://solario.ca/,https://lh3.googleusercontent.com/grass-cs/ACvplmObPUbiFzf8SD-La3bDbs1ZneyHK7LV3XM88jYr5iVTql4f54T7JGjFE6cacrzPfPf9NI2E45rqDQYm0gzLmKzYXlPoBNEHD8THS5LcNdO2uMLk_R0A-rTj3msv_wUF262exS7zmAsGEdwk=s4800-w640,4.7,12,https://maps.google.com/?cid=8767572019979584040&g_mp=Cidnb29nbGUubWFwcy5wbGFjZXMudjEuUGxhY2VzLlNlYXJjaFRleHQQAhgEIAA,No,,2026-09-28
Brampton,Superior Power Electric,"59 Maisonneuve Blvd, Brampton, ON L6P 1Y7, Canada",(647) 872-9954,info@superiorpowerelectric.ca,http://www.superiorpowerelectric.ca/,https://lh3.googleusercontent.com/grass-cs/ACvplmNfLfCPCyjDzh-OuH8B1xhtHuNpmYwz6zMz17TSdKf36F09W86_-ZYLk-hmnWCOjGoOIv0tdqteazhGWupd72FgMox_20EAmbZ4dUw1AfjMJ3ikzAWYneSvZjoZrPjHBAp9nUywMwpXHmTg=s4800-w640,5,63,https://maps.google.com/?cid=8519121677531395734&g_mp=Cidnb29nbGUubWFwcy5wbGFjZXMudjEuUGxhY2VzLlNlYXJjaFRleHQQAhgEIAA,No,,2026-09-28
Brampton,Tec electrical,"51 Ocean Ridge Dr, Brampton, ON L6R 3K5, Canada",(416) 356-4870,tecelectrical92@gmail.com,https://tec-electrical.com/,https://lh3.googleusercontent.com/grass-cs/ACvplmMZnfVGbmR2lXa3A1IkkiveGUtgEpchJtbqtj_1TI7U4Y3AuuQRtI0MTuIc5_Lv3NuoJPvbX-JDH-iJo8nwNSs4S8Md2b_4macb4RlozS4r6kMG9VWvlAFgkfBOkTz3dFdepaQs=s4800-w640,5,43,https://maps.google.com/?cid=10512961379273905321&g_mp=Cidnb29nbGUubWFwcy5wbGFjZXMudjEuUGxhY2VzLlNlYXJjaFRleHQQAhgEIAA,No,,2026-09-28
Brampton,Brampton solar,"18 Carmel Crescent, Brampton, ON L6P 1Y1, Canada",(437) 972-1965,bramptonsolar13@gmail.com,http://btownsolar.ca/,https://lh3.googleusercontent.com/grass-cs/ACvplmMzB3beBQjasx2d3QYKLq20iyT9F7fnxIVECoTYoTRKvaKvTVBOpEvnFaTBOYs6SEzpy57dVt2v2dKIfyV_8nDRHocy_U5Hv9o8OL47RsQBz-ACd0q6u30Twn2aDEonFAnqm2girqju3CM=s4800-w640,5,14,https://maps.google.com/?cid=11171186463897098059&g_mp=Cidnb29nbGUubWFwcy5wbGFjZXMudjEuUGxhY2VzLlNlYXJjaFRleHQQAhgEIAA,No,,2026-09-28
Brampton,Brampton Solar Lighting - Brampton,"380 Bovaird Dr E #12, Brampton, ON L6Z 2R6, Canada",(416) 669-1313,info@bramptonsolar.com,http://bramptonsolar.ca/,https://lh3.googleusercontent.com/grass-cs/ACvplmNoad8efBYnAivPA1Jg7Qj6OVAjrLcQuAPIYhZKCrc-AuBdLqU2XY20pyTW9pM-xeeDf5JFEEIBvVY2I0rFZ4_d4Aal7KLIn3cqIO91RClaDpPFz0eMokQd_ozZvPf503MznP60gnh03_yG=s4800-w640,4.7,185,https://maps.google.com/?cid=9669101403806360157&g_mp=Cidnb29nbGUubWFwcy5wbGFjZXMudjEuUGxhY2VzLlNlYXJjaFRleHQQAhgEIAA,No,,2026-09-28
Brampton,Terra Energy,"38 Devonsleigh Dr, Brampton, ON L7A 3S3, Canada",(437) 383-4464,,https://g.co/kgs/waeyCP2,https://lh3.googleusercontent.com/grass-cs/ACvplmOVbptFvcGhhY3Pg-1vro8RxWE7idOy7zPgcfjEVnnXJnY34Gk1pWMzliP3iSFyZQfELvx7kbJ19ULVttiei5zd1uZ4skfzfhPujW-e3abWgH7ZpfvKz0Eu_rdBTsNliklHRg6sEqSsJ15g=s4800-w640,4.9,10,https://maps.google.com/?cid=6562848329967993699&g_mp=Cidnb29nbGUubWFwcy5wbGFjZXMudjEuUGxhY2VzLlNlYXJjaFRleHQQAhgEIAA,No,,2026-09-28
Brampton,Frankensolar Americas Inc.,"165 Sun Pac Blvd Unit #3, Brampton, ON L6S 5Z6, Canada",(289) 276-5279,sales@frankensolar.ca,http://www.frankensolar.ca/,https://lh3.googleusercontent.com/grass-cs/ACvplmMHc-1ckaYWGTptOWjxLXG2iJOikTvpA8FYTGWF6zPzbC7PZnvIIWhTaBqzqF-W7qf7GSi_UtieO6Chej_G4_Xj-W6Gd3JGj3OS8bMnzRWjO_ouJ4fBK2UaPHYJGsb3Ok4jxS8C=s4800-w640,4.3,24,https://maps.google.com/?cid=12465123045321397570&g_mp=Cidnb29nbGUubWFwcy5wbGFjZXMudjEuUGxhY2VzLlNlYXJjaFRleHQQAhgEIAA,No,,2026-09-28
Hamilton,Electric Safe,"91 Wellington St S, Hamilton, ON L8N 2R3, Canada",(647) 712-8001,john@electricsafe.ca,https://electricsafe.ca/,https://lh3.googleusercontent.com/grass-cs/ACvplmPHrGkVpEIr-yQDK3Jk8xeACtkZQAIEHEzGBfLe89Weyvn8SoNW7MfYW8OTVRKLBmkluaygxZJx_pLSG7sEOYoUwMGxQvhYc4ewRskWezWAsBaVNlbs52t0ytyxONaUyuqeIAyU=s4800-w640,5,188,https://maps.google.com/?cid=17011080870823092619&g_mp=Cidnb29nbGUubWFwcy5wbGFjZXMudjEuUGxhY2VzLlNlYXJjaFRleHQQAhgEIAA,Yes,,2026-09-28
Hamilton,Xclusive Electric,"232 E 44th St, Hamilton, ON L8T 3H8, Canada",(289) 933-6624,,https://www.xclusiveelectric.ca/,https://lh3.googleusercontent.com/grass-cs/ACvplmOChY-2gtkCa6IWmnbe5rIJklDF9fx6RUOCMXEc-QMPvm2arCS9DLzrflaVn73s7wUt-jxXlp90pXcVnji8KbYLq_x2locqkXL3RDUv9nq116SABHNyZqqJup8ZptF8afe6Xoan=s4800-w640,5,59,https://maps.google.com/?cid=15949969812020672931&g_mp=Cidnb29nbGUubWFwcy5wbGFjZXMudjEuUGxhY2VzLlNlYXJjaFRleHQQAhgEIAA,No,,2026-09-28
Hamilton,Remarkable Group,"274 Rymal Rd W, Hamilton, ON L9B 1B8, Canada",(289) 210-5221,,https://www.remarkableelectric.ca/?utm_source=google&utm_medium=organic&utm_campaign=gbp_profile,https://lh3.googleusercontent.com/grass-cs/ACvplmMETKzEs7fyAEO86dEGZyHqlDklHNgRev3Id7RdiSTpmGbVncjVhuSfO0pdhu7p85HPE9Vf60u7bXXm8-rp2VFtd9pW2Skj7Ro02tcNGQ9eLHtzA1y3tHl_taV-9JCqF8tTDU5zVb-yKvAp=s4800-w640,4.9,148,https://maps.google.com/?cid=7030116746583143697&g_mp=Cidnb29nbGUubWFwcy5wbGFjZXMudjEuUGxhY2VzLlNlYXJjaFRleHQQAhgEIAA,No,,2026-09-28
Hamilton,Nu-Gen Electrical Services,"1216 King St E, Hamilton, ON L8M 1G5, Canada",(289) 441-3966,info@nugenelectrical.com,https://www.nugenelectrical.com/,https://lh3.googleusercontent.com/grass-cs/ACvplmMEQXfe6cFVo5fm1l0vUe9ONPT_8UQK15wP0v7y2Q-4dKaQZ4CR-2shJ0ZCnnGIkTNlgIRtHE13mJoYXYyTapLua12Kjl6LQLpPtjZt1R2uOMaKvT-qYq6PG5dDoc81iPYXafyn=s4800-w640,4.8,36,https://maps.google.com/?cid=11318548648224165045&g_mp=Cidnb29nbGUubWFwcy5wbGFjZXMudjEuUGxhY2VzLlNlYXJjaFRleHQQAhgEIAA,No,,2026-09-28
Hamilton,Canada Energy Solution,"21 King St W 5th Floor, Hamilton, ON L8P 4W7, Canada",(647) 812-5200,info@canadaenergysolution.com,https://canadaenergysolution.ca/,https://lh3.googleusercontent.com/grass-cs/ACvplmMR4jsBf-scxMSC0HdLptdaII4yNiVNs2VhDkiHIvzQFAazDN5wvsAHNIevHdALVH8fvq2wN_cxWu5LbXtuAdybmv1oQMItMKykN6W0TPv1Q2LPs5oEz-_FAEbU4-5L60oovt9M=s4800-w640,4.8,25,https://maps.google.com/?cid=1681528675655419616&g_mp=Cidnb29nbGUubWFwcy5wbGFjZXMudjEuUGxhY2VzLlNlYXJjaFRleHQQAhgEIAA,No,,2026-09-28
Hamilton,TD Solar Shop,"180 Bold St, Hamilton, ON L8P 4S3, Canada",(905) 865-8246,sales@tdsolarshop.ca,http://tdsolarshop.ca/,https://lh3.googleusercontent.com/grass-cs/AABkmLc3Xmm3p2au1nMyR0wjrZgZuQDFrbHIV0iRrZZRRSYFDZxkZQplGjp5eiqoi-8mOGIVsUkQySuyUneMa6kNHWVp3UbR5uswiwiKBthz6LeyU6UwSTksBA-bKDsFRhf4c3lIjAzcYg=s4800-w640,4.8,17,https://maps.google.com/?cid=3773536916881731129&g_mp=Cidnb29nbGUubWFwcy5wbGFjZXMudjEuUGxhY2VzLlNlYXJjaFRleHQQAhgEIAA,No,,2026-09-28
Hamilton,SUNVIBE | Solar & Energy Solutions,"197 James St N Unit 208, Hamilton, ON L8R 2R2, Canada",(289) 768-8989,info@sunvibesolar.ca,https://www.sunvibesolar.ca/,https://lh3.googleusercontent.com/grass-cs/ACvplmPWp7UlqCEEE-RpBKae97d55llG8YUbecrIPNYPn-vo2t1-T-apq9Q7VUld4NITiFYeTJStY_EYH15rER061dunVVUTfP-U8RIM2l9QqI4IC7P7FS8K-GyOtqMni_Q0tgCZl4c=s4800-w640,4.6,18,https://maps.google.com/?cid=14571032179087336532&g_mp=Cidnb29nbGUubWFwcy5wbGFjZXMudjEuUGxhY2VzLlNlYXJjaFRleHQQAhgEIAA,No,,2026-09-28
Markham,Innovation Electric Inc.,"172 Bullock Dr Unit#33, Markham, ON L3P 7M9, Canada",(416) 670-3478,info@innovationelectricinc.com,http://www.innovationelectricinc.com/,https://lh3.googleusercontent.com/grass-cs/ACvplmM3zKFrH3oIkxNwWY7FFNgsXGjHbNSMMoXhOl4fMhIIP1S2fd5Au39rUDnZxNct3WV1wVN7Od5JMxjJIGDlOByfekD7dURvwE_VkkeA584M5G104X6GpQt2-C3tG5uvR-hnz7gLt76NeUGM=s4800-w640,5,233,https://maps.google.com/?cid=10272487510107507146&g_mp=Cidnb29nbGUubWFwcy5wbGFjZXMudjEuUGxhY2VzLlNlYXJjaFRleHQQAhgEIAA,Yes,,2026-09-28
Markham,Haneco Energy,"215 Shields Ct #3, Markham, ON L3R 8V2, Canada",(905) 604-8335,info@haneco.ca,http://www.haneco.ca/,,4.8,82,https://maps.google.com/?cid=11142541220704664015&g_mp=Cidnb29nbGUubWFwcy5wbGFjZXMudjEuUGxhY2VzLlNlYXJjaFRleHQQAhgEIAA,No,,2026-09-28
Markham,TACSA Electric Inc.,"7165 Yonge St, Markham, ON L3T 0C9, Canada",(647) 860-0940,,https://tacsaelectric.ca/,https://lh3.googleusercontent.com/grass-cs/ACvplmP-NIHBo5qKOZWLTSKJ_up8iyc8k19mV5vyEoJYyCFQe8CbtKcmCnvfzeVJ1NmB16_xyJ6ur_vKlF3Z1QILxsgn3VznDa7UWlLM-PCf9DjqhfQcWRPX3PE-6SpuDR2Xqi9yKJc-=s4800-w640,4.9,17,https://maps.google.com/?cid=8315622938930532280&g_mp=Cidnb29nbGUubWFwcy5wbGFjZXMudjEuUGxhY2VzLlNlYXJjaFRleHQQAhgEIAA,No,,2026-09-28
Markham,Electrovoltage,"118 Highland Park Blvd, Markham, ON L3T 1B7, Canada",(416) 828-6976,info@electrovoltage.ca,https://www.electrovoltage.ca/,https://lh3.googleusercontent.com/grass-cs/ACvplmPzUASQjSbKsHD1CDL-FBW3yfkGMnay7HjeBBSG1irIjb6lVt_FclAHXnbnp03LHrq16GW6l3UwWsGtDLetOYcbWLnYgKgTBAHF_6vC6cKeXiuXP9k8MH1L5nNYdzGMA08_tSi8o5X3vXfo=s4800-w640,4.7,31,https://maps.google.com/?cid=8331024640150177489&g_mp=Cidnb29nbGUubWFwcy5wbGFjZXMudjEuUGxhY2VzLlNlYXJjaFRleHQQAhgEIAA,No,,2026-09-28
Markham,Signature Electric Ltd,"400 Esna Park Dr Unit 1, Markham, ON L3R 3K2, Canada",(416) 490-8093,hello@signatureelectric.ca,http://signatureelectric.ca/,https://lh3.googleusercontent.com/grass-cs/ACvplmOCzRIpeH1ir8pfMMlSWbfuUETPD4rH_9VwrrWvsrK0IkcSaKgNQrx2IOzqV-iv-aanAnqR8uaRxCogmSe8VhmeGYVGuGEQQJJTNFDEThw47t5KKdk0rWWPK6SJssfpkJLNoz0=s4800-w640,4.6,85,https://maps.google.com/?cid=4308733561756528213&g_mp=Cidnb29nbGUubWFwcy5wbGFjZXMudjEuUGxhY2VzLlNlYXJjaFRleHQQAhgEIAA,No,,2026-09-28
Markham,New Dawn Energy Solutions,"7321 Victoria Park Ave #8, Markham, ON L3R 2Z8, Canada",(416) 855-9377,info@newdawn-es.com,http://www.newdawn-es.com/,https://lh3.googleusercontent.com/grass-cs/ACvplmNJ4_oQNwIpxisFPlgbuCBffl-DBotSrnjt9c3k9NCpRfAefjA0xKSk9B8E1PgjV-8RS38nxp3l5w2_2FP1wmnIdaQAd2fkI3-GjxCC94jCnYB-p2xO6KNmXE51knzltG_HbiI-_Q=s4800-w640,4.6,67,https://maps.google.com/?cid=7625822649563542523&g_mp=Cidnb29nbGUubWFwcy5wbGFjZXMudjEuUGxhY2VzLlNlYXJjaFRleHQQAhgEIAA,No,,2026-09-28
Markham,Terawatt Solar,"7030 Woodbine Ave #500, Markham, ON L3R 6G2, Canada",(877) 648-3323,info@terawattsolar.ca,https://www.terawattsolar.ca/,https://lh3.googleusercontent.com/grass-cs/ACvplmOQZYf329zwep6G7kTr5-BUHofi5XUAFuVTfY50VPKuTfd0LAApCgN-ZouZ5iRd4mMqX6a5tkI0xkv1OMow-JovLnVGpiF3sQPzOWM1rWDV3XiEGSTo1F1vbxorRPab3wyIhVg6=s4800-w640,4.6,47,https://maps.google.com/?cid=4978961672131648083&g_mp=Cidnb29nbGUubWFwcy5wbGFjZXMudjEuUGxhY2VzLlNlYXJjaFRleHQQAhgEIAA,No,,2026-09-28
Vaughan,Radiant Solar Energy Group,"665 Millway Ave #30, Vaughan, ON L4K 3T8, Canada",,astigma@astigmatic.com,https://radiantsolar.ca/,https://lh3.googleusercontent.com/grass-cs/ACvplmN4s8wimVsoUIGAK3NGgmTku0UvIgrnY5m2T8mNOqMKaWNI7LtN_2VklgfsWl8YajiX3aZteNMkk8eqNYMgWOx0lLUnfko7yImybKAHKz7orqI46NOUHp9q4Ym67MPDiXeD85UKAg=s4800-w640,5,31,https://maps.google.com/?cid=3314092330357111422&g_mp=Cidnb29nbGUubWFwcy5wbGFjZXMudjEuUGxhY2VzLlNlYXJjaFRleHQQAhgEIAA,Yes,,2026-09-28
Vaughan,All Green Energy Solutions,"7500 ON-27, Vaughan, ON L4H 0J2, Canada",(833) 475-0705,info@allgreenenergysolutions.com,https://allgreenenergysolutions.com/,https://lh3.googleusercontent.com/grass-cs/ACvplmMlcZhNDkG_ucZhrevidFUhrUfZdq4_orki45C8C3c6ikd5U4GxH__NDdm5YXBHSXm-yTGW2lvWxPMkIeJR1A6L537EnK0obNCGdXqMOZJxFEodiniSANX30lZ-nqkJmzpy9Xofv-zV0tiK=s4800-w640,4.9,36,https://maps.google.com/?cid=2573612629350778530&g_mp=Cidnb29nbGUubWFwcy5wbGFjZXMudjEuUGxhY2VzLlNlYXJjaFRleHQQAhgEIAA,No,,2026-09-28
Vaughan,EVpro electric,"7890 Bathurst St #711, Vaughan, ON L4J 0J8, Canada",(416) 427-9787,evpro.electric@gmail.com,https://www.evpr.ca/,https://lh3.googleusercontent.com/grass-cs/ACvplmMKHOHMtgE6Slmbw_mqoFub_u6K5YUcWZHhDlXQKtFIyG2zgCjOXAPamZp5cEMyitn86R8aPemWdsLMQkSpw6fUIthQisdti8v16hJVpbdFoAVnaL_aTLNd9CTiufexuhODQnM=s4800-w540,5,21,https://maps.google.com/?cid=9470493715411723423&g_mp=Cidnb29nbGUubWFwcy5wbGFjZXMudjEuUGxhY2VzLlNlYXJjaFRleHQQAhgEIAA,No,,2026-09-28
Vaughan,Solar X - Vaughan,"9699 Jane St Unit 19, Vaughan, ON L6A 3R4, Canada",(833) 376-5279,info@solar-x.ca,https://www.solar-x.ca/residential,https://lh3.googleusercontent.com/grass-cs/ACvplmP5eRbLd7U57bQxZXL1znRGi-ldCzHlwpRZYhE0ZZMNHo2rCEW0T435zt_Vuw089NXvSvtlok4pgk3Ujv_jnz9_40K12OKgHGYp1MGlzM0mAT8Dx8nFSUuiseCNMb-bPBEsmzyLu2tzotZk=s4800-w640,5,16,https://maps.google.com/?cid=13144594736110932035&g_mp=Cidnb29nbGUubWFwcy5wbGFjZXMudjEuUGxhY2VzLlNlYXJjaFRleHQQAhgEIAA,No,,2026-09-28
Richmond Hill,KIYAN ELECTRIC INC,"703_185, Oneida Crescent, Richmond Hill, ON L4B 0B1, Canada",(416) 450-4030,info@kiyanelectric.ca,http://www.kiyanelectric.ca/,https://lh3.googleusercontent.com/grass-cs/ACvplmPx2Yn20MrZSf1giTK0kVBO08DHEkuDqsPnbMLZUFVhlezx-1SLZgE5UYUv8LEkcgVsVNuKsbhyxjOi3OdhBPxWSu9pNE0jJtL5o5LyPF4O2oFT5TDazkGbIMwqZlCJBR4tu36a=s4800-w640,4.9,177,https://maps.google.com/?cid=10016027793949925896&g_mp=Cidnb29nbGUubWFwcy5wbGFjZXMudjEuUGxhY2VzLlNlYXJjaFRleHQQAhgEIAA,Yes,,2026-09-28
Richmond Hill,ElectricalService.ca,"75 Weldrick Rd E Unit 805, Richmond Hill, ON L4C 0H9, Canada",(437) 990-0080,info@electricalservice.ca,https://electricalservice.ca/,https://lh3.googleusercontent.com/grass-cs/ACvplmMKEHvjTWvQnrMxpp0p5aXcEJ1JE_iuEacsK4Nr1pf3Vp1pz172ST2b83Xjy_CcJzN_2yujERy9y3H_sM1PfWLn0bLEslhJSpCln_-XKXIB8NfOfzBiA-p3OGZ0VlBW1MiZx3qplsqFKHU=s4800-w640,5,55,https://maps.google.com/?cid=10129908518507354647&g_mp=Cidnb29nbGUubWFwcy5wbGFjZXMudjEuUGxhY2VzLlNlYXJjaFRleHQQAhgEIAA,No,,2026-09-28
Richmond Hill,Near me electrician,"350 Red Maple Rd, Richmond Hill, ON L4C 0T5, Canada",(647) 539-5352,info@nearmeelectrician.ca,https://nearmeelectrician.ca/,https://lh3.googleusercontent.com/grass-cs/ACvplmMXedCy7a4ttQusl34u5noQdlGqbahtHsFw6NNMvDoFBSNnIjc-jdcEuUAfzWdv4agKns3FLkUlJkH_RzaV0WXU5uSODxLXQ-6UUc9xcz_DKfNU4krwECqexz6tFw8S9cgh9w=s4800-w640,5,38,https://maps.google.com/?cid=13363019070921666864&g_mp=Cidnb29nbGUubWFwcy5wbGFjZXMudjEuUGxhY2VzLlNlYXJjaFRleHQQAhgEIAA,No,,2026-09-28
Richmond Hill,PlugIn Electric Ltd,"372 Hwy 7 Unit 518B, Richmond Hill, ON L4B 0C6, Canada",(416) 832-3370,dmitri@pluginelectric.info,https://pluginelectric.info/,https://lh3.googleusercontent.com/grass-cs/ACvplmO_ty3WRbmKdSOXhVKnIweN9huuLRbQI6dfd7ziGRKWAVqMkWTka_kbZh9M-4dC-dfmHmyuFgI2vofqiH06prXBYeLs9wgE7v8ZLzGqjgmv78zT1JKdYp_IF5D3fO6UvxmTllz1=s4800-w640,4.9,72,https://maps.google.com/?cid=6861716123479701910&g_mp=Cidnb29nbGUubWFwcy5wbGFjZXMudjEuUGxhY2VzLlNlYXJjaFRleHQQAhgEIAA,No,,2026-09-28
Richmond Hill,PowerLink Electric,"276 Kerrybrook Dr, Richmond Hill, ON L4C 3R1, Canada",(647) 527-1188,,http://www.powerlinkelectric.ca/,https://lh3.googleusercontent.com/grass-cs/ACvplmMJ6LjDmh9Tz7keVElzbumVmKgVZxxNnsnc2ndT3ZYXh7GlFTKfsDsRKdGo4XB__PnzM1qWV_v5Q1_pZcZ1Rm1orjPvc5uj8dP11-xbIqnMANhwrKJMgdHgrR_yjL67LiG2W-_otOfi_Js=s4800-w640,4.9,65,https://maps.google.com/?cid=15300822252788065659&g_mp=Cidnb29nbGUubWFwcy5wbGFjZXMudjEuUGxhY2VzLlNlYXJjaFRleHQQAhgEIAA,No,,2026-09-28
Richmond Hill,Redtech Electric,"8 Brightsview Dr, Richmond Hill, ON L4E 3Z2, Canada",(416) 939-8910,contact@redtechelectric.com,http://www.redtechelectric.com/,https://lh3.googleusercontent.com/grass-cs/ACvplmOyasvhjOQtywUJpQ1I8hlP0aSZGaeFQEQ4ii-SzgtLWM68SNUTYKiOcrXNeMq0vvkcmsHY32pLfbs9rEU0a38nVwlo5fVn4Sx4Ox_PvXuoT2DtBTRse8EXwcw3pxlh1ZFwa8w_=s4800-w640,4.9,37,https://maps.google.com/?cid=16677506261170834983&g_mp=Cidnb29nbGUubWFwcy5wbGFjZXMudjEuUGxhY2VzLlNlYXJjaFRleHQQAhgEIAA,No,,2026-09-28
Richmond Hill,All Electrical Service,"162 Richmond St, Richmond Hill, ON L4C 3Y4, Canada",(416) 357-8614,electrician.call@gmail.com,https://all-electrical-services.ca/,https://lh3.googleusercontent.com/grass-cs/ACvplmNsbNf63fEmkQItG2Qu6hOyqfW0MJkD-U5zibTJPQZYUHCAosqW54mHu0VdnXra7mXsW6QsIFFaKr0dHYJlbWbHO4v6ugRSg90IpsYyAEWy0TadY5mXAr_NYqb_nWGE2fVf-7ltA7sRt8LS=s4800-w640,4.8,71,https://maps.google.com/?cid=7819053452851033259&g_mp=Cidnb29nbGUubWFwcy5wbGFjZXMudjEuUGxhY2VzLlNlYXJjaFRleHQQAhgEIAA,No,,2026-09-28
Richmond Hill,Shine Lighting & Electrical Services Ltd.,"10520 Yonge St, 35B Suite #407, Richmond Hill, ON L4C 3C7, Canada",(416) 801-0303,,,https://lh3.googleusercontent.com/grass-cs/ACvplmMvlhuOA6YsOqiy48RI20g03cuuRrq8jB_I6mwGJb8tMVf_bEGc5-IgbyM8ngjYOARHje3DNmJo1yYTFwarAw_agsM3pldkmw81GtfN9IJo6NkEdBxbqMhEO94gDUjkydBL1BeV=s4800-w640,4.9,24,https://maps.google.com/?cid=2131318236658974793&g_mp=Cidnb29nbGUubWFwcy5wbGFjZXMudjEuUGxhY2VzLlNlYXJjaFRleHQQAhgEIAA,No,,2026-09-28
Richmond Hill,DC Power Electric LTD,"70 Sheila Crescent, Richmond Hill, ON L4B 2Z7, Canada",(647) 718-8966,dcpowerelectricltd@gmail.com,http://dcpowerelectric.ca/,https://lh3.googleusercontent.com/grass-cs/ACvplmONsLsRdZvhp3qKvKPu76G9wH8-7zwX1gLgdrlLReGY9W1Zrs4P1YWCYnbQ7gOD9gHzaD0li3vohPvH7e66NfYz4vWmojfPlGczSPle8YG9AvbSv-Ni8kEMgAm5qIzxh24DKLP46jTTSecw=s4800-w640,5,13,https://maps.google.com/?cid=1430240247533930479&g_mp=Cidnb29nbGUubWFwcy5wbGFjZXMudjEuUGxhY2VzLlNlYXJjaFRleHQQAhgEIAA,No,,2026-09-28
Richmond Hill,Solar Fox,"9201 Yonge St, Richmond Hill, ON L4C 1H9, Canada",(647) 868-1497,contactsolarfox@gmail.com,http://solarfox.ca/,https://lh3.googleusercontent.com/grass-cs/ACvplmP_ZGgUZCOiw-qwPKGwNv0iE4Hl6KACHLFVWv2UK61DT5MMgw-SJaCNZoWXUiU7cqiP41ippONdHXyw6rRWDYVq1_deXEree1mRyO5dkwAgM5YiEpelAfjXa2XfaEGBPC1d93KvCwR7X_mO=s4800-w640,5,12,https://maps.google.com/?cid=5218358788873854652&g_mp=Cidnb29nbGUubWFwcy5wbGFjZXMudjEuUGxhY2VzLlNlYXJjaFRleHQQAhgEIAA,No,,2026-09-28
Richmond Hill,Hidden Wires,"2 Richmond St #2A, Richmond Hill, ON L4C 3X9, Canada",(416) 816-4971,info@hiddenwires.ca,http://proelectrician.ca/,https://lh3.googleusercontent.com/grass-cs/ACvplmN758IcOkAtLhztvjHdmtd5fzqSetfTmPCp9W6vlWWIaP2yKlXbw9ItddpYL296bv-_tX8PQ92wzrtZKJ8KVsrrS1vNJ91VwuN78eUut_9t9I8qA0Mli15s1espw2gBfuChAFfBaikkTyLt=s4800-w640,5,11,https://maps.google.com/?cid=9633450015889666153&g_mp=Cidnb29nbGUubWFwcy5wbGFjZXMudjEuUGxhY2VzLlNlYXJjaFRleHQQAhgEIAA,No,,2026-09-28
Richmond Hill,Electricians Richmond Hill,"157 Silverwood Ave Unit A, Richmond Hill, ON L4S 0E1, Canada",(289) 216-4688,,https://www.electriciansrichmondhill.ca/,https://lh3.googleusercontent.com/grass-cs/ACvplmMT_GchbRTIboKnzCs9M9B6ngQMPOCCsEhhuYzuiu6PQYWIbgmQuLO5gkWN--cO7QQZU7FtQqGYHetwC94jY8k2VQDBiXjbXyieCakDa-kucGh_OES3LeioFXa3dGYJ6ZUFklx_=s4800-w640,5,10,https://maps.google.com/?cid=5658530774933012489&g_mp=Cidnb29nbGUubWFwcy5wbGFjZXMudjEuUGxhY2VzLlNlYXJjaFRleHQQAhgEIAA,No,,2026-09-28
Barrie,Electrical Elite,"145 Big Bay Point Rd, Barrie, ON L4N 8Y2, Canada",(647) 930-2204,info@electricalelite.ca,https://electricalelite.ca/?utm_campaign=gmb,https://lh3.googleusercontent.com/grass-cs/ACvplmMf5jcUY6WYpPoxRJKrRooK7392R0ZYGqG5QSFdS6ChsEcypFmEoSOJsZavbbReL2TZcVPftzzESkuJ2dpCYXLQANtVvaxBgRXvNQo3_1JsV2GQgbSJYGk_t8I3AUqoVYC97aVJOw6-j6A=s4800-w640,4.9,220,https://maps.google.com/?cid=9621896031550862449&g_mp=Cidnb29nbGUubWFwcy5wbGFjZXMudjEuUGxhY2VzLlNlYXJjaFRleHQQAhgEIAA,Yes,,2026-09-28
Barrie,HGC Electric,"67 Patterson Rd, Barrie, ON L4N 3V9, Canada",(705) 331-5137,info@hgcelectric.com,https://www.hgcelectric.com/,https://lh3.googleusercontent.com/grass-cs/ACvplmOz0TPPYKGuhp0gi82zIe4MYElHJBS3l3VwdamdnZMENsKaZV6MmoJHSGerzxRiBCdtehXiwwh0URUWw4wGTkDK4NmwbVXmICthrJZd-52b5C9DPwv19ugm86xeYXM_Ou9BFEqnAME8gXwn=s4800-w640,5,52,https://maps.google.com/?cid=10143725501879196400&g_mp=Cidnb29nbGUubWFwcy5wbGFjZXMudjEuUGxhY2VzLlNlYXJjaFRleHQQAhgEIAA,No,,2026-09-28
Barrie,The Shock Doctors - Barrie Electricians,"92 Caplan Ave Ste 525, Barrie, ON L4N 9J2, Canada",,info@theshockdoctors.ca,https://theshockdoctors.ca/,https://lh3.googleusercontent.com/grass-cs/ACvplmNvut6h9J_Pz1HkMVAHXCjmCyhHZ15LDeKyhIeag9kmPMF9_B0Wk-1UfwFH2zurB2NL7MJU4euBBdsKd2HXvpi5T6EoKFqQkIWLR0L-gIateNncharomqSwZv2olFL_7AeELdA=s4800-w640,4.9,132,https://maps.google.com/?cid=15157859875376828756&g_mp=Cidnb29nbGUubWFwcy5wbGFjZXMudjEuUGxhY2VzLlNlYXJjaFRleHQQAhgEIAA,No,,2026-09-28
Barrie,Future Core Electric,"102 Cloughley Dr, Barrie, ON L4N 9T8, Canada",(705) 770-0194,futurecoreelectric@gmail.com,https://futurecoreelectric.com/,https://lh3.googleusercontent.com/grass-cs/ACvplmPNLDTGdw_upczoDFSUKF9K7v8RW7md2_sGusJ-FBoqSqHkm23cWCPQ_ju6MnEtESuCz_mtqp5t3htpoLa5Asse2r6UMKC6WaIVLMdzY5KwRmjm39cOxqpQ2seaN98Li6OPEfiWYw=s4800-w640,5,51,https://maps.google.com/?cid=16332583904610941401&g_mp=Cidnb29nbGUubWFwcy5wbGFjZXMudjEuUGxhY2VzLlNlYXJjaFRleHQQAhgEIAA,No,,2026-09-28
Barrie,Mena Electrical,"22 Queen St, Barrie, ON L4M 1Z1, Canada",(416) 522-5159,,http://menaelectrical.ca/,https://lh3.googleusercontent.com/grass-cs/ACvplmMbLwGlNisCtsaBUJarmghmUMnwkSUctMAFeVDRc5GC3K6AhqgaZsYxHRR50z8w43UjVGvuLftJDxExNjjD5aWLPv-n1yw81bWzs87IYM3a8m-3zl9F24ufxGPgUJJzO4mRUYBzg-YeRRgs=s4800-w640,5,19,https://maps.google.com/?cid=1403942089859294869&g_mp=Cidnb29nbGUubWFwcy5wbGFjZXMudjEuUGxhY2VzLlNlYXJjaFRleHQQAhgEIAA,No,,2026-09-28
Barrie,Hi Tech Electric,"42 Jewel House Ln, Barrie, ON L4N 0T4, Canada",(416) 834-7679,,http://www.hitechelectrical.ca/,https://lh3.googleusercontent.com/grass-cs/ACvplmM1RygzjNzS07UYeSX_cfXsrFoFP5Xk_B_P4hsuB45JmVt69GriR1DfrIY1rwRbue1dxceQsMk-FCYHqlFnXFImiVGRn8PItjN-I_niDdXuAXpS1KarxXDkNV8hVvna9uHDLBieFg=s4800-w640,5,12,https://maps.google.com/?cid=4223807375495070300&g_mp=Cidnb29nbGUubWFwcy5wbGFjZXMudjEuUGxhY2VzLlNlYXJjaFRleHQQAhgEIAA,No,,2026-09-28
Barrie,Top Era Electric Inc - Barrie,"91 Coughlin Rd Unit 51, Barrie, ON L4N 0L6, Canada",(705) 796-7070,bstevens@toperaelectric.com,http://www.toperaelectric.com/,https://lh3.googleusercontent.com/grass-cs/ACvplmMrSEV9giIEL1C64CAERDZ52luGFhhNW2PJA5yPmlTJPBzI9Y1sojckFKGihfnmTcFUrB7jvZKWQfbw3IfsugkBapfoYL8QfW8-CZPn3EMncjEPnTHTi02y9tB5qG713AFwcZM=s4800-w480,4.9,14,https://maps.google.com/?cid=3211774004993257468&g_mp=Cidnb29nbGUubWFwcy5wbGFjZXMudjEuUGxhY2VzLlNlYXJjaFRleHQQAhgEIAA,No,,2026-09-28
Barrie,Wallwin Electric Services Ltd,"50 Innisfil St, Barrie, ON L4N 4K5, Canada",(705) 726-1859,,http://www.electricalcontractorbarrie.ca/,https://lh3.googleusercontent.com/grass-cs/ACvplmPzms9hIuHFOzDTfbRk3W8wvK-PEM-sf_xI-Q_Z-ayhilXphcrptUpXHuK4aOzyUhX9Au4hgxbZhE_lPCa157uufbTNM8yXYpEkR9uMR36KpSOUTE7z3dBeeF3hN9BtiYTBZw21lg=s4800-w640,4.7,19,https://maps.google.com/?cid=9184197790170649866&g_mp=Cidnb29nbGUubWFwcy5wbGFjZXMudjEuUGxhY2VzLlNlYXJjaFRleHQQAhgEIAA,No,,2026-09-28
Barrie,Diamond Renewable Energy,"135 Bayfield St #101, Barrie, ON L4M 3B3, Canada",(705) 718-3888,,http://www.diamondrenewable.com/,https://lh3.googleusercontent.com/grass-cs/ACvplmP7eB_0O5C6Bn_OAePRzMpoCPAehJ0y_cTgZBODAO8-pdEbLM-RoIK-pRUBS9a4bWJwI3elDDAcTuyO3vRPEdwCfEj7NSVyuNdIQutsS0WwgqUBKYPaQom_NvE4q9pw8e0Izfyt=s4800-w640,4.6,22,https://maps.google.com/?cid=16275812293084780763&g_mp=Cidnb29nbGUubWFwcy5wbGFjZXMudjEuUGxhY2VzLlNlYXJjaFRleHQQAhgEIAA,No,,2026-09-28
Barrie,Solar Power Store Canada,"526 Bryne Dr c, Barrie, ON L4N 9P6, Canada",(888) 421-5354,hello@solarpowerstore.ca,https://solarpowerstore.ca/,https://lh3.googleusercontent.com/grass-cs/ACvplmNq-BmNKh0W73Y_3PUKFczQxtfPKsZF4nYjiIAEr-Ge2u-a1KjJiyvdvAwPi7S7wc4qS3FwuBE96dxiQFISMVTB1DfrXT1vfEwoTheNuziiWNBsfkaatXIZnxEenabLlaFdbaLJR0xuVFyc=s4800-w640,4.5,330,https://maps.google.com/?cid=14433110544062777943&g_mp=Cidnb29nbGUubWFwcy5wbGFjZXMudjEuUGxhY2VzLlNlYXJjaFRleHQQAhgEIAA,No,,2026-09-28
Barrie,Barrie Electrical Contractor,"359 Bayfield St, Barrie, ON L4M 3C3, Canada",(705) 481-2101,,,https://lh3.googleusercontent.com/grass-cs/ACvplmN_W3daPbN39ngw--omcykLMmLyIP1zFGOqeM53pepY2GXQv7cTIkUPxqNR9ECmz6a4hHaOxlJTi6YKak1BAd48ixdkV83nvW0bij09xNwbNWIFzGd4FMOVDA9z_kOlPS5VkZdDmA=s4800-w640,4.4,165,https://maps.google.com/?cid=14330269815154680987&g_mp=Cidnb29nbGUubWFwcy5wbGFjZXMudjEuUGxhY2VzLlNlYXJjaFRleHQQAhgEIAA,No,,2026-09-28
London,Somerton Electric,"316 Rectory St #218, London, ON N5W 3V9, Canada",(519) 878-8228,info@somertonelectric.com,https://www.somertonelectric.com/,https://lh3.googleusercontent.com/grass-cs/ACvplmOTZ6MmVU_sbeCQOTkIP9vowSpheSWRUUxEPdpAoIclMtoubprb4RTKZxt5vXrJ5GfdlFvxwK46CR7jHiF80RHKw6RCqJaxOwsHFK4kP7lna5eFF_MOh9Ay01788deUi4SwDfTnwpU2VHfY=s4800-w640,5,264,https://maps.google.com/?cid=12992034527726489621&g_mp=Cidnb29nbGUubWFwcy5wbGFjZXMudjEuUGxhY2VzLlNlYXJjaFRleHQQAhgEIAA,Yes,,2026-09-28
London,Ray's Electric,"1885 Blue Heron Dr Unit 5, London, ON N6H 5L9, Canada",(519) 652-5531,,http://rayselectric.ca/,https://lh3.googleusercontent.com/grass-cs/ACvplmNF8ZePcTkS6CK6Pb9ZnvsNa7TZVYPp2jSugt9dM7L7lWyApuFSy_bwKZWUKWWEH3zNOP3drF15OX-4PLWMuszg-jAxZjN32uaC4EgvyCXJiAnIoVQeIUtq1yqgt3cDDOnCXRR8mKCpVNw=s4800-w640,4.8,48,https://maps.google.com/?cid=5659077111364703541&g_mp=Cidnb29nbGUubWFwcy5wbGFjZXMudjEuUGxhY2VzLlNlYXJjaFRleHQQAhgEIAA,No,,2026-09-28
London,Studerus Electric Inc.,"3392 Wonderland Rd S, London, ON N6L 1A8, Canada",(519) 709-9242,info@studeruselectric.com,https://studeruselectric.ca/,https://lh3.googleusercontent.com/grass-cs/ACvplmPLN991iS182LAf7P0zoTFXMTtPwWTiGDDkO54zou8SCHpeKrDybqiXO0kgBxihkC0l-u5HahP-ANPRtGECCb_TexRwySE48Tz3Oap1fJn0Du1dW4hQqtmkKG99mwAKON0km-hrZg=s4800-w640,4.7,64,https://maps.google.com/?cid=12909526517371286699&g_mp=Cidnb29nbGUubWFwcy5wbGFjZXMudjEuUGxhY2VzLlNlYXJjaFRleHQQAhgEIAA,No,,2026-09-28
London,Polar Energy Systems - Insulation Services,"79 Bessemer Rd #23, London, ON N6E 1P9, Canada",(519) 639-2071,coloradoavs@live.com,http://polarenergysystems.ca/,https://lh3.googleusercontent.com/grass-cs/ACvplmMkm_Kcjqzqo_rFzw1-XcldaBrFJyRHbbCvYsSLrOJQtmh2iK6UH4wn1ZgaRqCGOmqqRhG_NNgdpxctVLFtnaII0Tjl4nyfptqfywN6vMkPvfClweMIij3WXHpxrEXhOAAstDPS=s4800-w543,4.2,15,https://maps.google.com/?cid=8943636684481686946&g_mp=Cidnb29nbGUubWFwcy5wbGFjZXMudjEuUGxhY2VzLlNlYXJjaFRleHQQAhgEIAA,No,,2026-09-28
Kitchener,"MR SINGH ELECTRIC LTD. | Licensed Electrical Contractor | Kitchener, Ontario","520 Amelia Ct, Kitchener, ON N2A 4K3, Canada",(382) 889-1111,,https://www.instagram.com/mrsinghelectric?igsh=MW9rNGdjOXduaDFkcQ==&utm_source=qr,https://lh3.googleusercontent.com/grass-cs/ACvplmO_LfpBkv8Zk1WKaa3zh1HzI7LjZv7JSr-MH_UcWAGQ5sO1LlvCGHPAhk4WXjQK8vRARo7N32gNRBPWvEe9tO2vsETqeJbXBvXpSi4YPAuESU2HwnQL4Nxs5ugMWA-03hZH-0PRUz5sL4m1=s4800-w640,4.9,107,https://maps.google.com/?cid=16472996617832821991&g_mp=Cidnb29nbGUubWFwcy5wbGFjZXMudjEuUGxhY2VzLlNlYXJjaFRleHQQAhgEIAA,Yes,,2026-09-28
Kitchener,Solar Dynamics,"14 Grand Ave, Kitchener, ON N2K 1B3, Canada",(519) 745-3426,info@solardynamics.ca,http://www.solardynamics.ca/,https://lh3.googleusercontent.com/grass-cs/ACvplmPdD50MpEDyr7I1E39zo4D4zCff20zjss28_Ky0VRwXuVk__7m8_gJ34Z55gkPFvCB0zBscTF-7rhGT3NAJ-azoKtF9OlYbmV7UJXflHdqImW-UzRWYxqPhvAphwcTN_UO5hAUA8lPsxPwf=s4800-w640,4.9,73,https://maps.google.com/?cid=17844827095057530245&g_mp=Cidnb29nbGUubWFwcy5wbGFjZXMudjEuUGxhY2VzLlNlYXJjaFRleHQQAhgEIAA,No,,2026-09-28
Windsor,95 Electric Inc.,"1027 Marion Ave, Windsor, ON N9A 2J3, Canada",(519) 350-7907,caleb@95electric.com,http://www.95electric.com/,https://lh3.googleusercontent.com/grass-cs/ACvplmM7AkySM6p584AEjnqFVCcKy2bE5ww-c4eUDGKU1MVrdQz7IjExc71zWeaO6PbwX4Qyb1UYJeKTvrO0kMqywYrg-gCT8KeoTIuhtWPGrb784hTJl5UKw8F6WGoBZsbKhud1KBuo=s4800-w640,5,141,https://maps.google.com/?cid=3647488423800103326&g_mp=Cidnb29nbGUubWFwcy5wbGFjZXMudjEuUGxhY2VzLlNlYXJjaFRleHQQAhgEIAA,Yes,,2026-09-28
Windsor,Murphy Electrical Group,"4296 John Ross Ct, Windsor, ON N8W 0B5, Canada",(519) 984-6873,rmurphygroup@gmail.com,http://www.murphyelectricalgroup.com/,https://lh3.googleusercontent.com/grass-cs/ACvplmO4E5jcoC1qXN8tpdLvn7nu6oFL43e7Ct3RU5CumXhl7mAvNtnla0bAFpooHDiQD6b3AzDkMmhBKD3k4srHras8HBAwOpB7AnrGbDK2e8NS7RNgnHOIEI4RLiv2ljC9p5kzI08=s4800-w640,5,81,https://maps.google.com/?cid=7370876000782087698&g_mp=Cidnb29nbGUubWFwcy5wbGFjZXMudjEuUGxhY2VzLlNlYXJjaFRleHQQAhgEIAA,No,,2026-09-28
Windsor,Watt N Volt Electric Ltd.,"4621 Southwood Lakes Blvd, Windsor, ON N9G 2M3, Canada",(519) 999-1870,wattnvoltelectric@gmail.com,http://www.wattnvoltelectric.ca/,https://lh3.googleusercontent.com/grass-cs/ACvplmP7SvylKSZTyaTesGJGvyZiO6zb1HJ0Yt03Z6f1Pj3d0uCp7foMSzvpxT5RtX5ioc-mNhfoZfzsYEcDrtFQFtzU8B9ivQTjw5-beYvA88rjYnQskSnDm1Z8EmeQxsNiIoerLdRI=s4800-w640,5,21,https://maps.google.com/?cid=4568964514211757784&g_mp=Cidnb29nbGUubWFwcy5wbGFjZXMudjEuUGxhY2VzLlNlYXJjaFRleHQQAhgEIAA,No,,2026-09-28
Windsor,Off The Grid Energy Solutions,"6, 2557 Dougall Ave Suite 412, Windsor, ON N8X 1T5, Canada",(519) 300-3668,info@off-the-grid-solar.com,http://www.off-the-grid-solar.com/,https://lh3.googleusercontent.com/grass-cs/ACvplmOBUEiTbCToChiyzWjtKt0mnpLnC3cqymqbWde98cui8nUs78BTCQB8ScxuY1XJ63RpmD-jxnuQDQ1Y_Srbd7tKlWRSC9XwT66TAP8T_uOVum9cTCF0yffJdFsyyOQ-Pan2ASXSlA=s4800-w640,4.8,43,https://maps.google.com/?cid=6423567088447625670&g_mp=Cidnb29nbGUubWFwcy5wbGFjZXMudjEuUGxhY2VzLlNlYXJjaFRleHQQAhgEIAA,No,,2026-09-28
Windsor,Future Electric Inc.,"2916 Walker Rd, Windsor, ON N8W 3R3, Canada",(519) 791-2910,futureelectricinc@yahoo.ca,https://www.futureelectricinc.com/,https://lh3.googleusercontent.com/grass-cs/ACvplmMu__5ZdiVA2Q63E6MKPbFgSnrV1TpT11Do28I6xWwMFvJ7lkuUuMMEo5gvA4F6rqjCxdLlblM-enQLn6qpxMSCxWvi0tnvp6fkAKAM9tRD2Bdlv73Uo2L1U4NqdXLDg-h6SGhu=s4800-w640,5,13,https://maps.google.com/?cid=18263838189274721435&g_mp=Cidnb29nbGUubWFwcy5wbGFjZXMudjEuUGxhY2VzLlNlYXJjaFRleHQQAhgEIAA,No,,2026-09-28
Windsor,Advanced Electric and Controls Inc.,"2865 Howard Ave, Windsor, ON N8X 3Y4, Canada",(519) 972-0232,info@advanced-electric.ca,http://www.advanced-electric.ca/,https://lh3.googleusercontent.com/grass-cs/ACvplmM5eQPsiim5VqNPbZNPb-IXfCy-oJlfLaRqsZ7MjXKLsEOeAAad1U-upQJydm3bWSY0TUzp6yL_6hu--590D89IS0wehczSygjIGrnKrnmq8Dahy34WyBhXowte_1z1hYofKkA8dg=s4800-w640,4.7,39,https://maps.google.com/?cid=16216543083958002826&g_mp=Cidnb29nbGUubWFwcy5wbGFjZXMudjEuUGxhY2VzLlNlYXJjaFRleHQQAhgEIAA,No,,2026-09-28
Windsor,Power Traxx Electric,"1730 Hall Ave, Windsor, ON N8W 2L4, Canada",(519) 250-6247,info@traxxinc.ca,https://www.powertraxxelectric.com/,https://lh3.googleusercontent.com/grass-cs/ACvplmMiZf3Nrst_D_ImlBdSBvvqZyEgQ0k7XJAMZ6oZplpz-SsNgggDGyCO5RepSQ_kkNiaCn_jo8wuoRSgcliAUDWfO4UFzxvqfFVUMO_R8xp4FARdatccF_Rg2BHQeWvgEMHbOxguNg=s4800-w640,4.5,47,https://maps.google.com/?cid=10748582780514326784&g_mp=Cidnb29nbGUubWFwcy5wbGFjZXMudjEuUGxhY2VzLlNlYXJjaFRleHQQAhgEIAA,No,,2026-09-28
Windsor,SAM ELECTRIC WINDSOR,"Maguire St #3781Maguire, Windsor, ON N9E 4T2, Canada",(519) 791-9560,,,https://lh3.googleusercontent.com/grass-cs/ACvplmPzR7Ei0q-Xli-EyjsxjRNThSM3xUnKlu3QTDVg_YbujjNHlT7VH0v87zbHW4DB5_aNtAt-Q5agzWNwpbdZ6qXWo4pUVWQwYVdVRWTrxFBcNLF7KDeN6O3fhJQUXqdR_X_QhTo9hg=s4800-w640,4.3,31,https://maps.google.com/?cid=11617082448952046208&g_mp=Cidnb29nbGUubWFwcy5wbGFjZXMudjEuUGxhY2VzLlNlYXJjaFRleHQQAhgEIAA,No,,2026-09-28
Oakville,Canada Energy Solution,"2010 Winston Park Dr, Oakville, ON L6H 6X7, Canada",(647) 812-5200,info@canadaenergysolution.com,https://canadaenergysolution.ca/,https://lh3.googleusercontent.com/grass-cs/ACvplmPjGOZs-FPcC48zHavBHNPvFgfewo9MLKW64N93aZwDJa6KrvYg5ukEosEX5OKJwvTd0oXrmjG3UytpSh_9NrZNPCWqKCEAn6l6ZUoXv2ahEcLWu4WSNU2_oernKLVgsjhQ_1E=s4800-w640,4.9,251,https://maps.google.com/?cid=3329602123975771677&g_mp=Cidnb29nbGUubWFwcy5wbGFjZXMudjEuUGxhY2VzLlNlYXJjaFRleHQQAhgEIAA,Yes,,2026-09-28
Oakville,GCCElectric,"1489 Heritage Way, Oakville, ON L6M 4M7, Canada",(416) 848-0071,,https://gccelectric.com/,https://lh3.googleusercontent.com/grass-cs/ACvplmNayK81RdGQz2_-HBh63VAwyltTLIgnUnByDEfyUWayVfQG7e-xj4aIxzxGtjyJdu0Acvwrda5cS5GMe3VeUUvaxO85HPU4RXJsL5WIyJbpgtBsPdR4yzg5x382BD85ONdZghi_=s4800-w640,4.9,136,https://maps.google.com/?cid=10880616407874383684&g_mp=Cidnb29nbGUubWFwcy5wbGFjZXMudjEuUGxhY2VzLlNlYXJjaFRleHQQAhgEIAA,No,,2026-09-28
Oakville,Think Green Electrical,"497 Tipperton Crescent, Oakville, ON L6L 5E1, Canada",(647) 470-7267,info@thinkgreenelectrical.com,https://thinkgreenelectrical.com/,https://lh3.googleusercontent.com/grass-cs/ACvplmPc9IGsSAnin9CasdWfBplTJyHOXBReMeD-jlNfB8c354FxnDwbcODommiWSYStlR7Ymebp7NyY7pFl4oeJb3WZ3OBPVaPjNxC52ZzhkE4752NRUJV0TJOxWrRWCmufQElBycQ8iA=s4800-w640,4.8,58,https://maps.google.com/?cid=1179528065006020263&g_mp=Cidnb29nbGUubWFwcy5wbGFjZXMudjEuUGxhY2VzLlNlYXJjaFRleHQQAhgEIAA,No,,2026-09-28
Oakville,JML Electric,"700 Third Line #140, Oakville, ON L6L 4B1, Canada",(905) 469-7524,office@jmlelectric.ca,https://jmlelectric.ca/,https://lh3.googleusercontent.com/grass-cs/ACvplmNt2BO7WTx3BCzCo6U3ymo3N5Fm8kIaYnpqnKrGaQbISvGMuaz4IeK_ztjLNempW79dCbXU2E2A6LXec_h0I8UDfrMSMv-7Q5mSRy_nzZdecvUDPDsM_lJ97lLbmx1tZ3Blwwah=s4800-w640,4.7,100,https://maps.google.com/?cid=3038896141427628237&g_mp=Cidnb29nbGUubWFwcy5wbGFjZXMudjEuUGxhY2VzLlNlYXJjaFRleHQQAhgEIAA,No,,2026-09-28
Oakville,Solar Gard Ontario Service Center,"760 Pacific Rd #1, Oakville, ON L6L 6M5, Canada",(800) 595-8468,,https://www.solargard.com/,https://lh3.googleusercontent.com/grass-cs/ACvplmOIJNy2fwbOlghsmHWr4svTkeGp1S3SKmPmxeTrZXhTu9m0J6HYROX_Ey70zRkuTvNM7_blTNBJwVE_f9gTWkV4WOuj2hlm697wcLA8oH4t-zeYOmA_n0yB3krTn30cFdwktuNb=s4800-w640,4.6,10,https://maps.google.com/?cid=9566486990961756132&g_mp=Cidnb29nbGUubWFwcy5wbGFjZXMudjEuUGxhY2VzLlNlYXJjaFRleHQQAhgEIAA,No,,2026-09-28
Oshawa,Powersource Electric Inc.,"1260 Terwillegar Ave Unit 3, Oshawa, ON L1J 7A5, Canada",(289) 892-7074,info@powersourceelectric.ca,https://www.powersourceelectric.ca/?utm_source=GMB&utm_medium=organic%20&utm_campaign=listing,https://lh3.googleusercontent.com/grass-cs/ACvplmOahQFzhMjM2c1PYqlUErIN3VaPsFU2WNPx3iq_VyBx8SMf4ClKkYfPAK-bU1RPjIZcBbLOj-1guXvQIjdP_PA58Ev7yXtYrE6dFH5cmBMicBol4rvgQfNvRSCK2rfhOkb0TNWwb1h98iW9=s4800-w640,5,372,https://maps.google.com/?cid=4954923841412838212&g_mp=Cidnb29nbGUubWFwcy5wbGFjZXMudjEuUGxhY2VzLlNlYXJjaFRleHQQAhgEIAA,Yes,,2026-09-28
Oshawa,Barrett Electric Inc.,"1318 Kilmaurs Ave, Oshawa, ON L1K 2A3, Canada",(905) 431-8020,james@barrettelectric.ca,http://www.barrettelectric.ca/,https://lh3.googleusercontent.com/grass-cs/ACvplmOw4885_TBKt9gQZHiwv-2264RRgGOPREbcK7SsVtLBQIUb0MiFkXVr04ey0W4RuUCbjzFOdmhZ3Kn8aKkF0RPZqsDaRKubcvgxvuXi-FoNOmXZpG383PbbYzo-yfFRQSo65ucH=s4800-w640,5,85,https://maps.google.com/?cid=2314514701383040742&g_mp=Cidnb29nbGUubWFwcy5wbGFjZXMudjEuUGxhY2VzLlNlYXJjaFRleHQQAhgEIAA,No,,2026-09-28
Oshawa,Green Planet Electric,"285 Taunton Rd E, Oshawa, ON L1G 3V2, Canada",(416) 561-8384,customerservice@green-planet-electric.com,https://www.green-planet-electric.com/residential1,https://lh3.googleusercontent.com/grass-cs/ACvplmN_-oqq4EEv0oAZiAQtCqfr5T1Gzzx6cFGuLrZEFKFYefD5jYjL11I2CvT4M1rtIqWSZ1wt0aOjIU6K3pOafo2-5hAjhHMffj64H7rJiZa9Y0fH_7OMCjS7M8KuJTovqQroMmZTVdG3LTvI=s4800-w640,4.9,158,https://maps.google.com/?cid=10022953192938186489&g_mp=Cidnb29nbGUubWFwcy5wbGFjZXMudjEuUGxhY2VzLlNlYXJjaFRleHQQAhgEIAA,No,,2026-09-28
Oshawa,CFI Electric,"1157 Ravine Rd, Oshawa, ON L1H 4E1, Canada",(416) 575-9999,cfielectricltd1@yahoo.ca\,https://cfielectric.ca/,https://lh3.googleusercontent.com/grass-cs/ACvplmP1Av0maVvkGPyJ7BlddsgRz_pBnatH28jqimMFuKdcjWJykxMuTkE-b_APZIN3zgKt5zz7xQWQoZd2Rmryc-Jk6gTv-RmdKyJtV2A57CfA9PKYYjEdDK1qxSyRGE0Xy33ej-Em=s4800-w640,5,39,https://maps.google.com/?cid=2499054837352015379&g_mp=Cidnb29nbGUubWFwcy5wbGFjZXMudjEuUGxhY2VzLlNlYXJjaFRleHQQAhgEIAA,No,,2026-09-28
Oshawa,Townsend Electric,"767 Simcoe St S, Oshawa, ON L1H 4K5, Canada",(905) 723-2343,,http://www.townsendelectric.ca/,https://lh3.googleusercontent.com/grass-cs/ACvplmOUHwaIIZvIZPE-Td6axNYQXRpxbT79jMSIbR4naFm4CEoVDqb3o6CU2kmsyoitjzz5bXHM1ysi2AorFTWo6AdxeM7cVywCriJ10E8mMNmiUWcRF8ZuIXgs-E6bNYw-cKktkUgG3g=s4800-w640,4.6,59,https://maps.google.com/?cid=5529195620584732128&g_mp=Cidnb29nbGUubWFwcy5wbGFjZXMudjEuUGxhY2VzLlNlYXJjaFRleHQQAhgEIAA,No,,2026-09-28
Oshawa,Top Electrical,"474 Phillip Murray Ave, Oshawa, ON L1J 1H5, Canada",(647) 500-5616,,http://www.topelectrical.ca/,https://lh3.googleusercontent.com/grass-cs/ACvplmPz0Pe0VRDu3EyOpV5bAA5VrMIMTyfGOkqN3e8FdnQKzO9Kaw9c3z52mPQhKDiaMAtKxJgWnMHaUeZY55P6zR66O8k05VRgmFVw-GU9D9en0egQS-8rBBtzBgW2OzxROmIHr3nW=s4800-w640,4.5,11,https://maps.google.com/?cid=4420116119328454470&g_mp=Cidnb29nbGUubWFwcy5wbGFjZXMudjEuUGxhY2VzLlNlYXJjaFRleHQQAhgEIAA,No,,2026-09-28
Whitby,Wilson Electric Installations Inc,"204 Arthur St, Whitby, ON L1N 1G1, Canada",(905) 999-5509,ryan.wilson@wilsonelectricinc.ca,https://www.wilsonelectricinc.ca/?utm_source=gbp&utm_medium=organic&utm_campaign=gbp-profile,https://lh3.googleusercontent.com/grass-cs/ACvplmM20ZgAkRH4cpeX-x-wqDZdtnPxhFh-MIIOhQmmLqa-5BB-o8R5wGam_Z6cUsBjKvNGaTeGRKhp3fPSNaCVvg3GyGeUhvbkOg5buH3rCKd1YIWleL8iRlVlYuLXVMH79RhfXRVHWrDmqFc=s4800-w640,5,122,https://maps.google.com/?cid=14689975690664952840&g_mp=Cidnb29nbGUubWFwcy5wbGFjZXMudjEuUGxhY2VzLlNlYXJjaFRleHQQAhgEIAA,Yes,,2026-09-28
Whitby,North Electrik Inc | 24/7 Whitby Electrician,"117 Pine Hills Rd, Whitby, ON L1N 6N9, Canada",(647) 709-4959,info@northelectrik.com,https://northelectrik.com/,https://lh3.googleusercontent.com/grass-cs/ACvplmN0y9LfjdYXU1fNPahy6HJ5RYCO-WRANU07HHqz5coia_OzZvKvL3Y51AQld8XT97a9Bu-A0hfWhxywI57Lx0fjSES7yFF7VyPWYQcflmCBZYukx2gJBDUZzAwRW8-S_YGSJYzBrw=s4800-w640,4.9,337,https://maps.google.com/?cid=2037205281115388198&g_mp=Cidnb29nbGUubWFwcy5wbGFjZXMudjEuUGxhY2VzLlNlYXJjaFRleHQQAhgEIAA,No,,2026-09-28
Whitby,GT electrical Inc,"18 Ian Fleming Crescent, Whitby, ON L1R 2E2, Canada",(647) 572-5080,service@gtelectricalinc.com,http://gtelectricalinc.com/,https://lh3.googleusercontent.com/grass-cs/ACvplmOlk94bAYLWGmzZnGJBOq2B9koMiNP-qtq6SR1W_k9ezLtb_1zZCfXg9MH5Oj3dMVkhkzQeMeXwabHPlJT7KGx58ui3_KXeXaFMfZ9nl5iGll314z5NWBM1zZez24qmIZqKW10t=s4800-w640,5,34,https://maps.google.com/?cid=1246312071494737200&g_mp=Cidnb29nbGUubWFwcy5wbGFjZXMudjEuUGxhY2VzLlNlYXJjaFRleHQQAhgEIAA,No,,2026-09-28
Whitby,Energy Rich Electric,"4 Canadian Oaks Dr, Whitby, ON L1N 6W8, Canada",(647) 321-3674,,http://energyrichelectric.com/,https://lh3.googleusercontent.com/grass-cs/ACvplmPcRBkjupRZdIaltke3LUNcJVNzp0TG0kq9Z0QyT0r8L_6-AMcs3L8YQqfSO2yGRqu8iOAw2crqUk5_rrYyiJ88GzEf8_Z1GilRsdW_g5mXUwKpClHvy-93AfndcO087g7qKx3ATr7MQiYM=s4800-w640,4.9,48,https://maps.google.com/?cid=16512807998709463998&g_mp=Cidnb29nbGUubWFwcy5wbGFjZXMudjEuUGxhY2VzLlNlYXJjaFRleHQQAhgEIAA,No,,2026-09-28
Whitby,AlphaMega Electric Ltd.,"43 Holsted Rd, Whitby, ON L1M 2B9, Canada",(905) 244-5046,,http://alpha-mega.ca/,https://lh3.googleusercontent.com/grass-cs/ACvplmNPvf8jIZ2Xh3bXxjsLWt6GDdPqzchHmLCXBcjNr4YvD7izD5B6HopKHcIDK2nkvlTAQ99iTxIlXIUtlGRuZvTrgNDv2wEYCMxNI5AABKqRHrGY16RpUGoNFe4ckTO6tfYmhRqh=s4800-w640,5,26,https://maps.google.com/?cid=13280104685734696396&g_mp=Cidnb29nbGUubWFwcy5wbGFjZXMudjEuUGxhY2VzLlNlYXJjaFRleHQQAhgEIAA,No,,2026-09-28
Whitby,Beetham Electric Inc,"9 Carlow Ct, Whitby, ON L1N 9T7, Canada",(905) 449-0890,info@beethamelectric.com,https://www.beethamelectric.com/,https://lh3.googleusercontent.com/grass-cs/ACvplmPuThjn9SJFjhF5SWXXKwZkbT4UYVcFKIRYM_PvRMF3wd0Xo6xIlc4v6TiUc3YKSKvceOn7rKOxGaW0tS7LkTsFiftUFf_eJsi9e0F4XYBTyP8BjbaQ3MvRsnrsnrCxqeFX6Mtl=s4800-w640,4.8,60,https://maps.google.com/?cid=6420382604120848006&g_mp=Cidnb29nbGUubWFwcy5wbGFjZXMudjEuUGxhY2VzLlNlYXJjaFRleHQQAhgEIAA,No,,2026-09-28
Whitby,Eco Electrical HVAC,"9 Gosselin Ct, Whitby, ON L1R 0M8, Canada",,ecoelectricalhvac@gmail.com,http://www.ecoelectricalhvac.com/,https://lh3.googleusercontent.com/grass-cs/ACvplmPz3qzcVyIHp7qFwbQ1FFihOF2BlEJhWfa9228C6N_2Lk9Lywfr0OdTsAaYZqC4AIzYyzAFqC30gO4DkP6thHL2uLLHokJdXUcZVVd053iyimF1BaUS0CBTxcITYepCILi6TamT=s4800-w640,5,15,https://maps.google.com/?cid=9858872676959960109&g_mp=Cidnb29nbGUubWFwcy5wbGFjZXMudjEuUGxhY2VzLlNlYXJjaFRleHQQAhgEIAA,No,,2026-09-28
Whitby,Eno Electric,"N/A, Whitby, ON L1P 0A8, Canada",(647) 892-9034,,http://www.enoelectric.ca/,https://lh3.googleusercontent.com/grass-cs/ACvplmOe1RHbb3I0dgbo_GYgnM1yVCMiz4aWb9_2pgOZNfjTojQrX_N9See4kFsN91dLSI_WZMEEEp6ZBwjaJtGFFXtdmOF-VrjXt19_8hR62TkekaBje1T1vPs7-XGYcxOJ8urky50k=s4800-w640,5,12,https://maps.google.com/?cid=1067642375713276832&g_mp=Cidnb29nbGUubWFwcy5wbGFjZXMudjEuUGxhY2VzLlNlYXJjaFRleHQQAhgEIAA,No,,2026-09-28
Whitby,CMD Electric,"50 Sable Crescent, Whitby, ON L1R 1Y6, Canada",(905) 995-0476,,http://www.cmdelectric.ca/,https://lh3.googleusercontent.com/grass-cs/ACvplmMDoXt6JvR75H4-c5nKuW8jTBRaeWmDdhPW4B43cm6xHcLyd9GUkgEi9sWKH6VpTVXKouqR2zn-C0SySZl28Qachev-T__QHpw9cPpTzItKctxaGHNppkb3jgXXveR8ImNzIHoo=s4800-w640,4.8,26,https://maps.google.com/?cid=2503415985499420577&g_mp=Cidnb29nbGUubWFwcy5wbGFjZXMudjEuUGxhY2VzLlNlYXJjaFRleHQQAhgEIAA,No,,2026-09-28
Whitby,Brightworks Energy Inc.,"209 Dundas St. E LL5 (Suite B4, Whitby, ON L1N 4C9, Canada",(844) 359-0098,help@brightworks.com,https://brightworksenergy.com/,https://lh3.googleusercontent.com/grass-cs/AABkmLeNqnXflW7S8by99cITA5UBskoEgTv18zqMTD3nPxgVC_XHVd05RuvsourrhvyBK89y0hmlZKqF_XJlKqbUaWIQrpyCw549X53kD-NKADRWfrONdBxEGRh6_XhWqS8CPMo6zGZm=s4800-w640,4.4,34,https://maps.google.com/?cid=16768143387850002829&g_mp=Cidnb29nbGUubWFwcy5wbGFjZXMudjEuUGxhY2VzLlNlYXJjaFRleHQQAhgEIAA,No,,2026-09-28
Burlington,Brant Electric Limited | Electrical Contractors,"1453 Grahams Ln, Burlington, ON L7S 1W5, Canada",(905) 634-5577,info@brantelectriclimited.ca,https://www.brantelectriclimited.ca/,https://lh3.googleusercontent.com/grass-cs/ACvplmNFiI3nnlJ64G67zgpEyhu3ur7nWHb0-B4vu-fY1178ZDBu_0etmCBkKmvQlWEVE9n0rPuvcwX-HgxAFahF4rgr6fmZKX6q0ySJuGhwRkm-MZ8EuzQcjiuo5eh6JUr00phLbaQQ=s4800-w640,4.9,641,https://maps.google.com/?cid=12811861330668171064&g_mp=Cidnb29nbGUubWFwcy5wbGFjZXMudjEuUGxhY2VzLlNlYXJjaFRleHQQAhgEIAA,Yes,,2026-09-28
Burlington,Babil Electric,"3054 Jenn Ave, Burlington, ON L7M 0C8, Canada",(647) 871-4220,,https://babilelectric.com/,https://lh3.googleusercontent.com/grass-cs/ACvplmPndK258lIxpex7vvfrIpKH7LZtGSgX69-0v1eV7SLVM85_-SCre_z-etrwSQVddXv7px2Q0hNWTa_mLoUGw3YcFoxBMT8szu-NDZx6CWtX_XzdO5e8P2AulQiKRcVnAzAg-TJ8=s4800-w640,5,37,https://maps.google.com/?cid=2953449281967087252&g_mp=Cidnb29nbGUubWFwcy5wbGFjZXMudjEuUGxhY2VzLlNlYXJjaFRleHQQAhgEIAA,No,,2026-09-28
Burlington,Calibre Electric | Generac Generators,"2380 Industrial St, Burlington, ON L7P 1A1, Canada",(866) 222-2312,info@calibreelectric.com,https://calibreelectric.com/,https://lh3.googleusercontent.com/grass-cs/ACvplmOiGFmpjIQmxdW30HVoFiEFgBA9Ng-vqEyIdEnSA8_o4fmnAisoj76EGRZAFe0vOeFyIupmAenQ84BgW0ruqElTT6YaLuV1BwVzygidHXmeP7EWfnUGXvk-vJmaDItoJw2XH3_r=s4800-w640,4.8,506,https://maps.google.com/?cid=15202526642229075845&g_mp=Cidnb29nbGUubWFwcy5wbGFjZXMudjEuUGxhY2VzLlNlYXJjaFRleHQQAhgEIAA,No,,2026-09-28
Burlington,Rad electric inc.,"2013 Faversham Ave, Burlington, ON L7P 1W5, Canada",(416) 953-7163,info@radelectric.ca,http://www.radelectric.ca/,https://lh3.googleusercontent.com/grass-cs/ACvplmMrEA7zV201Cc2so_2390G_r_mp0LcP5MXuibb5nLLFNKHOzFiJ2Kf-32ScPU6m6LfJ5SNMqkincgJXpLRFx7ThMQfZrt_5f8adgnqGaOzyjRNeAL7KT-WrUrCXQEJTz20tWGfTKnLdTstO=s4800-w640,4.9,62,https://maps.google.com/?cid=7359847088461569025&g_mp=Cidnb29nbGUubWFwcy5wbGFjZXMudjEuUGxhY2VzLlNlYXJjaFRleHQQAhgEIAA,No,,2026-09-28
Burlington,Mountainside Electric Inc.,"1229 Advance Rd Unit 3, Burlington, ON L7M 1G7, Canada",(905) 466-3838,,http://www.mountainsideelectric.ca/,https://lh3.googleusercontent.com/grass-cs/ACvplmNrlgxDwROaOClDBTAf1GDLIgWQASCUDVv98CuU4KFZ8NvqxsyUM3xmWjAlvM6CWA4rnSY_znIDoMq9NuMdgpRuXy_jWd7gDAB9w1mAq3gMW78Oa39UCjn-tk0tMqbmy88RDIir_g=s4800-w640,4.9,46,https://maps.google.com/?cid=16145883153897888980&g_mp=Cidnb29nbGUubWFwcy5wbGFjZXMudjEuUGxhY2VzLlNlYXJjaFRleHQQAhgEIAA,No,,2026-09-28
Burlington,Hepburn Electric,"5100 S Service Rd, Burlington, ON L7L 6A5, Canada",(905) 484-0945,tim@hepburnelectric.ca,http://hepburnelectric.ca/,https://lh3.googleusercontent.com/grass-cs/ACvplmPms0udNo5OiEYdR0q0MDU6eP7X2_elf9uWlkXic-UXNGF1Jx5uKCo3ELf24rYk8pRW7-ygT8EXWfQoVyeAT7mM1tVhlpFTZH4H6MNAzdCDA-UyhpK7zxI6P5sxMdwdPw1aQYs7M-JbbrPO=s4800-w640,5,15,https://maps.google.com/?cid=2492368152400538650&g_mp=Cidnb29nbGUubWFwcy5wbGFjZXMudjEuUGxhY2VzLlNlYXJjaFRleHQQAhgEIAA,No,,2026-09-28
Burlington,SHIFT ELECTRIC VEHICLES,"3466 Mainway, Burlington, ON L7M 1A8, Canada",(905) 901-4613,,http://www.shiftev.ca/,https://lh3.googleusercontent.com/grass-cs/ACvplmOSZfhb7mBv55ARPfguOlTDAFfa7eggH40QGSmI_Zxhjfc3IKnuNvzvIenBiB_dO_gOzjL-YVi6ZvI4ps8UZogGNHC_fMjbTqjYlL-DRHzUGfTuzpEF9ESvjCT2DCEX6NWPFFS9KeOPV5PM=s4800-w640,4.6,414,https://maps.google.com/?cid=12048341051842276208&g_mp=Cidnb29nbGUubWFwcy5wbGFjZXMudjEuUGxhY2VzLlNlYXJjaFRleHQQAhgEIAA,No,,2026-09-28
Cambridge,Resolve Home Energy Ltd,"Norman Industrial Estate, 111 Cambridge Rd, Milton, Cambridge CB24 6AT, UK",01223 433313,info@resolvehomeenergy.co.uk,https://www.resolvehomeenergy.co.uk/,https://lh3.googleusercontent.com/grass-cs/ACvplmP23kmfPX5aLG_dFkA3foUD7rwTXHFI2mgxt8fBuNi_ilY-jqodhNThYyjGaOR-urPP65shtAXsbBsLfV6W-Be4AnSFlxzWZ5Hi4N6RQmdRVesxyVoOo5GnDbTJcUIfpERObhnUOQ=s4800-w640,5,117,https://maps.google.com/?cid=585272959181132899&g_mp=Cidnb29nbGUubWFwcy5wbGFjZXMudjEuUGxhY2VzLlNlYXJjaFRleHQQAhgEIAA,Yes,,2026-09-28
Cambridge,Mod Electrical Inc.,"100 Sheldon Dr Unit 35, Cambridge, ON N1R 7S7, Canada",(519) 707-3101,info@modelectrical.ca,http://www.modelectrical.ca/,https://lh3.googleusercontent.com/grass-cs/ACvplmOQ9bTRQyaIE0PG78gzL4WnRh7d_28qHVHYCTJwI1AY117NCAFglmTTiRT7GNWwfkU7LdorxLJ8b8n7Fa8cadSjnV4w_LeLzgEFAVgd8F0yqQlJLjnwctiBxHEETtng5RrQYiqqiBX8qWk=s4800-w640,5,104,https://maps.google.com/?cid=11400709494213296015&g_mp=Cidnb29nbGUubWFwcy5wbGFjZXMudjEuUGxhY2VzLlNlYXJjaFRleHQQAhgEIAA,No,,2026-09-28
Cambridge,Ferguson Electrical Solutions,"140 McGovern Dr #2, Cambridge, ON N3H 4R7, Canada",(519) 400-9825,fergusonelectricalsolutions@gmail.com,https://www.fergusonelectricalsolutions.com/,https://lh3.googleusercontent.com/grass-cs/ACvplmNtxY9HhmN3hw7bru1EfOOaNu5KLF-tgTSH2FxmEPB-Btyahn2Jkq_ZS58-MQBadBS_lcGM7n2cHLv_bwy9p4_WdS8HI-8q8_Lz1bWtK1d-dpN-XLwyKVaSYwGlxB9RuYBp_eGY=s4800-w640,4.9,339,https://maps.google.com/?cid=10210462981774371181&g_mp=Cidnb29nbGUubWFwcy5wbGFjZXMudjEuUGxhY2VzLlNlYXJjaFRleHQQAhgEIAA,No,,2026-09-28
Cambridge,Little Electric Inc,"145 Turnbull Ct, Cambridge, ON N1T 1C6, Canada",(519) 653-1592,info@little-electric.com,http://www.little-electric.com/,https://lh3.googleusercontent.com/grass-cs/ACvplmPwPR9hgrwvGEuPkHJgEYUPlJhoiJqCDScMElMmxzaeJ11ZdI6PqpefqqAO0ves70066AL8W4cdTfCy6f9qmH3nOkbEg2_emjAJhBZV6kE0yUrR-qxP-qyfJ5Az6GWHzSjad7wO=s4800-w640,4.9,182,https://maps.google.com/?cid=9714372572203954704&g_mp=Cidnb29nbGUubWFwcy5wbGFjZXMudjEuUGxhY2VzLlNlYXJjaFRleHQQAhgEIAA,No,,2026-09-28
Cambridge,SNG Electrical Services,"88 Rouse Ave, Cambridge, ON N1R 4M8, Canada",(519) 841-1709,info@sngelectrical.ca,http://www.sngelectrical.ca/,https://lh3.googleusercontent.com/grass-cs/ACvplmMvhSsjMtPVnr3DfH7HWucnfltd32grUPdzKAEbgB3Fsc5B4fUbuZMSaM0K3ZXX6cjWQqaA5v3PNGJnL5z4_MYkg_ZZc6NxSyxcfJcvMnmCFhnW7m98MG5oDFe7wIUm0HxhkD85nNUCz55m=s4800-w640,4.9,116,https://maps.google.com/?cid=17874602640889186513&g_mp=Cidnb29nbGUubWFwcy5wbGFjZXMudjEuUGxhY2VzLlNlYXJjaFRleHQQAhgEIAA,No,,2026-09-28
Cambridge,Borealis Electric Inc,"406 William St, Cambridge, ON N3H 3W3, Canada",(519) 240-5151,info@borealiselectric.ca,https://borealiselectric.ca/,https://lh3.googleusercontent.com/grass-cs/ACvplmOHpPtdJLNOTuVxhja4VpTmPXGIGP2Qf14jTBfQC4c6MM57a400H3uDdPJxHOgGxbucyz0T2RjPTIJax1QHDZZgYnpYaN3FPJvuiJpxKf8yZaUPVHSMYZTc0n4m33Y11HnDOs7y1g_5KEit=s4800-w640,5,24,https://maps.google.com/?cid=15655491235923733693&g_mp=Cidnb29nbGUubWFwcy5wbGFjZXMudjEuUGxhY2VzLlNlYXJjaFRleHQQAhgEIAA,No,,2026-09-28
Cambridge,Schubert Electrical Contracting,"15 Morel Dr, Cambridge, ON N1T 1Z8, Canada",(519) 222-9878,,http://schubertelectricalcontracting.ca/,https://lh3.googleusercontent.com/grass-cs/ACvplmPn0CaJjLB-8zYksZAuY1c2bNgvpAPMIIEE1jaC5GWcXagLAH_2Yw_TBtAK6OU2ee6Ze72mo7SLpn_t9Po1ZqCxY5aCPIm63URtkTgDDDBFyV3edM0Tf2M6OMMEQEdJ_oCS69F1y_Qqo4I=s4800-w640,5,21,https://maps.google.com/?cid=16092083891473917261&g_mp=Cidnb29nbGUubWFwcy5wbGFjZXMudjEuUGxhY2VzLlNlYXJjaFRleHQQAhgEIAA,No,,2026-09-28
Cambridge,Electric-All,"345 Fountain St S, Cambridge, ON N3H 1J2, Canada",(226) 201-0039,,,https://lh3.googleusercontent.com/grass-cs/ACvplmMHT58Y60xlbvDTz-w3a5IjgU38U5Et2YDfuv-H18zR8sJH17uVgjNZ3OjFTKJrxdJk9KpIBKD5IijoXo7r0gHvoQK29aHdXzZernp0Q-AGfq7SHFQQbO3_dy3vk9QIKWVgnxW7zA=s4800-w640,5,18,https://maps.google.com/?cid=2860214467961233834&g_mp=Cidnb29nbGUubWFwcy5wbGFjZXMudjEuUGxhY2VzLlNlYXJjaFRleHQQAhgEIAA,No,,2026-09-28
Cambridge,NS Electric,"115 Dundas St S, Cambridge, ON N1R 8H1, Canada",(519) 503-1650,nselectricinc@outlook.com,https://www.nselectricinc.ca/contact/,https://lh3.googleusercontent.com/grass-cs/ACvplmPiJEep-hSr9QGEKhBU2mwNL-fqSP3JdUpBPy143PApvN62kqgLSQRLp57-T2D85PcCBTyCnRHFZUR-yoYYVAbfUcMzHYplAU8MszDvrBzZz9ccoZC2gdyL99jQkmMBZgLoSqoe5prj_w96=s4800-w640,5,13,https://maps.google.com/?cid=16496632993835732586&g_mp=Cidnb29nbGUubWFwcy5wbGFjZXMudjEuUGxhY2VzLlNlYXJjaFRleHQQAhgEIAA,No,,2026-09-28
Cambridge,Daisy Energy Inc - LED and Smart Energy Solutions,"135 George St N #201, Cambridge, ON N1S 5C3, Canada",(877) 352-0024,info@daisyenergy.ca,https://daisyenergy.ca/,https://lh3.googleusercontent.com/grass-cs/ACvplmMmFDKRERtkLnak82PpO2swu6sAVAN6Ui6fQk_758sxnOmD7YzI-iJ7NjbwGbgUvV9N8Fb0VTTxGF6tCifUKNolrIf3IaQZtDzGFp0PKfl6wjk-x87caeVDwtDnzOB-_F5Fqzc=s4800-w640,5,12,https://maps.google.com/?cid=11872328737754666814&g_mp=Cidnb29nbGUubWFwcy5wbGFjZXMudjEuUGxhY2VzLlNlYXJjaFRleHQQAhgEIAA,No,,2026-09-28
Cambridge,Cambridge Solar,"Unit 6, Beech Court, Cambridge, Fenstanton, Huntingdon PE28 9RF, UK",01223 863885,info@cambridge-solar.co.uk,https://www.cambridge-solar.co.uk/,https://lh3.googleusercontent.com/grass-cs/ACvplmNxKUUm222GZ_0WUtJaZj6wUFcXKuwYCjBeHw_sC8Rn8TruBMo4zlYZNLOSiH53wKlg0gaFQv6r3_z9AFKgltW5sR6W4L6LGxBDPqMiNPt67-qRo86PxtnQJXtmv4zvpZKwfn4Y=s4800-w640,4.4,79,https://maps.google.com/?cid=8758909326850998611&g_mp=Cidnb29nbGUubWFwcy5wbGFjZXMudjEuUGxhY2VzLlNlYXJjaFRleHQQAhgEIAA,No,,2026-09-28
Greater Sudbury,Solar Associates,"2095 Desloges Rd, Greater Sudbury, ON P3G 1C4, Canada",(705) 521-1773,,http://www.solarassociates.ca/,https://lh3.googleusercontent.com/grass-cs/ACvplmOAlVMjmTR_G93YyooorVzRLDE4P9NbLWAUTK7SFKwv3YjcPGWVLPRFV9yPUk9-dj4C0IM0KKbCKSZq4ZUxm4v7vk-_Uu8Z0wA6xuZTgiYIQ-ZzP5I4iQWDdKhDKlItgNFKfove=s4800-w640,5,48,https://maps.google.com/?cid=6188508019654203097&g_mp=Cidnb29nbGUubWFwcy5wbGFjZXMudjEuUGxhY2VzLlNlYXJjaFRleHQQAhgEIAA,Yes,,2026-09-28
Greater Sudbury,Sudbury Solar Solutions Inc.,"2121 Lasalle Blvd Unit 1, Greater Sudbury, ON P3A 2A3, Canada",(705) 524-5000,info@sudburysolarsolutions.ca,https://sudburysolarsolutions.ca/,https://lh3.googleusercontent.com/grass-cs/ACvplmNExIailSz78elRkwdq85Cp_ZpOW7eluFzgZ_6TM8hQ6CTWXVB_n-i8YkosN2pSDD2A5Vt0gNpvcyWAAio5t63f_JSf22kneAojxgwp_CRp5KUYyimaVNkzaFu60KJ0xSKW9MEc3XnoK1MU=s4800-w640,5,27,https://maps.google.com/?cid=8331965204712287345&g_mp=Cidnb29nbGUubWFwcy5wbGFjZXMudjEuUGxhY2VzLlNlYXJjaFRleHQQAhgEIAA,No,,2026-09-28
Greater Sudbury,ProSol Energy Systems,"3000 Falconbridge Hwy Unit 3, Greater Sudbury, ON P3L 1J6, Canada",(705) 560-3387,info@prosolenergy.ca,http://prosolenergy.ca/,https://lh3.googleusercontent.com/grass-cs/ACvplmMMORZml4Masfz_7Vg1U-cxVculnCyrYst8ySg7w9W6UDbUoSdZgqaI8JOqq8fG7v72sVQe7Ts7GIV8lh5MQ005Ruuf73UBsUWqRmJwAWF1YRB4R6G_XvDBoMde2LxSRV0Ub1I_siuQEWvX=s4800-w640,4.8,130,https://maps.google.com/?cid=18431492185559904538&g_mp=Cidnb29nbGUubWFwcy5wbGFjZXMudjEuUGxhY2VzLlNlYXJjaFRleHQQAhgEIAA,No,,2026-09-28
Greater Sudbury,@home Energy,"500 Regent St, Greater Sudbury, ON P3E 3Y2, Canada",(705) 675-0525,inquiries@athomeenergy.ca,http://athomeenergy.ca/,https://lh3.googleusercontent.com/grass-cs/ACvplmOHEb8clPlWdeTELWwqb9OGLjs-qWXPO5aeC6XoJmF-SFsqMaQp56XjVhyZa_MHUvS15k5R1swRfd2Dtkb9JdlBMAbtDPUS-GHRkK0H8AYNVFqw5ndtVvlhHc7EdspbNWOBJ5fh=s4800-w640,4,21,https://maps.google.com/?cid=2476103530675888661&g_mp=Cidnb29nbGUubWFwcy5wbGFjZXMudjEuUGxhY2VzLlNlYXJjaFRleHQQAhgEIAA,No,,2026-09-28
Guelph,Blais Electric,"28 Inkerman St, Guelph, ON N1H 3C5, Canada",(647) 874-4647,info@blaiselectric.ca,https://blaiselectric.ca/,https://lh3.googleusercontent.com/grass-cs/ACvplmPTy_azNYxssMwuovAH_GfNEtBTPbGWn7ehc5SVMXdTHITQ3k1wWkdv4fpYQpN738hy0jV79BP1Tw1HiAcCdK696S96HY1uE6WmSTn70SVBJqx3Vylhk9DwC9FP5tEox6_1zfZD0FrNzvgQ=s4800-w640,4.9,794,https://maps.google.com/?cid=2109236751121156691&g_mp=Cidnb29nbGUubWFwcy5wbGFjZXMudjEuUGxhY2VzLlNlYXJjaFRleHQQAhgEIAA,Yes,,2026-09-28
Guelph,Guelph Solar,"7124 Wellington Rd 124, Guelph/Eramosa, ON N1H 6J3, Canada",(519) 804-0757,admin@guelphsolar.net,http://www.guelphsolar.net/,https://lh3.googleusercontent.com/grass-cs/ACvplmMHC7x-I-W5vbuoss1UklVfAeLlc6bAg0ejllkJP2vHMttCNbDEeg1mKiRyg6tRAF8sr2yA5WpLpskt_VXepvyre2lZMD1itTW-EaKEgmwpQiCrShEdpo9amJzPIpUBY7QI-MiacU0AKPY_=s4800-w640,4.9,204,https://maps.google.com/?cid=15942081263231968489&g_mp=Cidnb29nbGUubWFwcy5wbGFjZXMudjEuUGxhY2VzLlNlYXJjaFRleHQQAhgEIAA,No,,2026-09-28
Guelph,Bluewater Energy,"499 Elmira Rd N, Guelph, ON N1K 1C2, Canada",(519) 821-3003,info@bluewaterenergy.ca,http://bluewaterenergy.ca/,https://lh3.googleusercontent.com/grass-cs/ACvplmNozzbu6eDOw0aqNXr385VGnjLXEWs0nKcZpC0V0u5U5hTPGRl9raKDPbGTgbA-zcfymoZW_Qwp2puvuun5cs8EPD84HiWFk_xgEQD9tYpa7mVziqlKV-Adqigi82An5av7GkBc=s4800-w640,4.9,76,https://maps.google.com/?cid=9962417004564281614&g_mp=Cidnb29nbGUubWFwcy5wbGFjZXMudjEuUGxhY2VzLlNlYXJjaFRleHQQAhgEIAA,No,,2026-09-28
Guelph,Greencor Electric Inc,"355 Elmira Rd N Unit 136, Guelph, ON N1K 1S5, Canada",(519) 822-0477,info@greencorelectric.com,http://www.greencorelectric.com/,https://lh3.googleusercontent.com/grass-cs/ACvplmMxqeuA4yYHtR76xG8zITExJQ9rIXHkjybqVa8NGr9SYRZeh6BYZ4B_uzxvNqxrYKkgYhq5ZvoSjvsbJAYRy7gDHetuc10mKjcTUnJPWROfBA_zJQl4gXE-9Nil5buiLM9ZuS0=s4800-w640,4.7,13,https://maps.google.com/?cid=840410615013189031&g_mp=Cidnb29nbGUubWFwcy5wbGFjZXMudjEuUGxhY2VzLlNlYXJjaFRleHQQAhgEIAA,No,,2026-09-28
Guelph,Eden Energy Equipment,"600-945A Southgate Dr, Guelph, ON N1L 0B9, Canada",(800) 665-3336 ext. 123,info@edenenergy.com,http://www.edenenergy.com/,https://lh3.googleusercontent.com/grass-cs/ACvplmMgoaUcT2UVOL2Iq9EXuro-DqJQf3sCzMR3RuCFiqVtT9flvROLu3UpAJVvwCRo4J4542Re832D8y975fEXZmE8DTxUJ62CiqTcEt9gteoAEIVYovaa5R1cu-zJ7o9d52WqVx6DGg=s4800-w640,4.5,12,https://maps.google.com/?cid=10939775035782202180&g_mp=Cidnb29nbGUubWFwcy5wbGFjZXMudjEuUGxhY2VzLlNlYXJjaFRleHQQAhgEIAA,No,,2026-09-28
Kingston,Wieser Electric,"50 Patrick St, Kingston, ON K7K 3N8, Canada",(866) 691-6399,dave@wieserelectric.ca,https://wieserelectric.ca/,https://lh3.googleusercontent.com/grass-cs/ACvplmNY9Lu30ysdiSFV4blJWBXKUi16QTQf0MZDneCI1qyKZXQyf0uo2s3HZekJLf_4QL4z4dwX54xyvWm_oTkvAe7-EQV36c9eINuoNV0XgKWJLJFAYr0UAz02uUwfAeY7bClKYN7P2w=s4800-w640,4.9,181,https://maps.google.com/?cid=239005206883038286&g_mp=Cidnb29nbGUubWFwcy5wbGFjZXMudjEuUGxhY2VzLlNlYXJjaFRleHQQAhgEIAA,Yes,,2026-09-28
Kingston,SolarBuzz Jamaica,"Unit 40, Trade Centre, 30-32 Red Hills Rd, Kingston, Jamaica",(876) 224-5486,info@solarbuzzjamaica.com,http://www.solarbuzzjamaica.com/,https://lh3.googleusercontent.com/grass-cs/ACvplmNVYI3ncEWqUq3YEECmDr9-dBDagC3HMmafH4LULWfWoDwIuJywg_UOLmA_ecl7Z9BYwFhF8Z1Ca00fwy8nB1NtjCFoB6XdlJt5IvSva274POZhtxEMtmQGN0v_6iJEZOLf7GVU8w=s4800-w640,4.9,70,https://maps.google.com/?cid=14182091343084302321&g_mp=Cidnb29nbGUubWFwcy5wbGFjZXMudjEuUGxhY2VzLlNlYXJjaFRleHQQAhgEIAA,No,,2026-09-28
Kingston,Kode Electrical Services Ltd.,"1148 Clyde Ct, Kingston, ON K7P 2E4, Canada",(613) 331-5633,kode.electrical@gmail.com,https://www.kodeelectricalservices.ca/,https://lh3.googleusercontent.com/grass-cs/ACvplmMzrF3jRd8bsQnKkRvpP2cZd_vgow7pLSAAIrZMbTtmiwZBt1P_Skgy3OrbmAkAwBeElHyQAMIE50Q0o9YyeWxvSa1pAWEtMxHaB31_nVqx7J_4WYTTpGgYeIeaTCRa_J-8Q8sbUA=s4800-w640,5,21,https://maps.google.com/?cid=5789282916646833942&g_mp=Cidnb29nbGUubWFwcy5wbGFjZXMudjEuUGxhY2VzLlNlYXJjaFRleHQQAhgEIAA,No,,2026-09-28
Kingston,Quantum Renewable Energy,"139 Joseph St, Kingston, ON K7K 2H8, Canada",(613) 546-2326,,http://www.quantumenergy.ca/,https://lh3.googleusercontent.com/grass-cs/ACvplmMRA74nFPkUrUk--0mtNfjGxmNYsXeB8-eTF-tLHTVKwwIunszrZ7AJstNcMrArkPaQyeURmTJFCy-Tm70vctGs09Sepb6wfzjOcOen6IizCbGU5wOe028o5rYmIymo0I2oEY8=s4800-w640,4.8,25,https://maps.google.com/?cid=3259025020084290059&g_mp=Cidnb29nbGUubWFwcy5wbGFjZXMudjEuUGxhY2VzLlNlYXJjaFRleHQQAhgEIAA,No,,2026-09-28
Kingston,Knapp's Electric,"2745 Orser Rd, Kingston, ON K0H 1M0, Canada",(613) 929-9679,knappselectrical@gmail.com,https://knappselectric.ca/,https://lh3.googleusercontent.com/grass-cs/ACvplmPRmNPKZwb2zsjdBEVsol4TxEwkCGh8IMekQrQo8WLBGu0vi2KPO-b-Yvn-xn3_4b1t6W7Mv5mRzbWDgZQL5r2ELxBsFdu9aPE8hgFNumiXe0eIvl3-olpZlo7Ofu_ZxdDF-VzWXg=s4800-w640,4.7,50,https://maps.google.com/?cid=1271417276072548076&g_mp=Cidnb29nbGUubWFwcy5wbGFjZXMudjEuUGxhY2VzLlNlYXJjaFRleHQQAhgEIAA,No,,2026-09-28
Kingston,Bay Electric,"779 Midpark Dr, Kingston, ON K7M 7G3, Canada",(613) 389-6178,,,https://lh3.googleusercontent.com/grass-cs/ACvplmPNyS4rikDGHcMRkcuVS7NJ7Y6INaqFFnFvp4p_kvcsfzPH2xepl1Wc9VywrqmfA4jTtd-44VRhUgecxg9EPoF69jyHd4rYjuDJstKFUQDFRBFlZGiP1VWjgbiFY4TfHsQaUhTV2xT3eN-2=s4800-w640,4.8,12,https://maps.google.com/?cid=519914617855854013&g_mp=Cidnb29nbGUubWFwcy5wbGFjZXMudjEuUGxhY2VzLlNlYXJjaFRleHQQAhgEIAA,No,,2026-09-28
Kingston,Energy Kingston Exteriors Inc.,"638 Norris Ct, Kingston, ON K7P 2R9, Canada",(613) 389-0155,info@energykingston.com,https://energykingston.com/?utm_source=google&utm_medium=organic&utm_campaign=gbp-listing,https://lh3.googleusercontent.com/grass-cs/ACvplmMJaHUf0SmcY0Z2sn2qAMiXgnrbwl7kzkGiRIydtjTt0lvxo53T8XIHudQo0aXk6PWx8DaFZhKC3IKEIYsHSwIlMXWwIv16BLAdeGKDOqg7qqfk2LyHC7sO4u_O1Zv8AUdYM9fcXg=s4800-w640,4.6,94,https://maps.google.com/?cid=265527346977235318&g_mp=Cidnb29nbGUubWFwcy5wbGFjZXMudjEuUGxhY2VzLlNlYXJjaFRleHQQAhgEIAA,No,,2026-09-28
Kingston,Oosterhof Electrical Services Ltd,"1128 Sunnyside Rd, Kingston, ON K7L 4V4, Canada",(613) 541-0101,,https://oosterhofelectric.com/,https://lh3.googleusercontent.com/grass-cs/ACvplmPd2QCXR-5YvYYZhYSmT9MMfPPVjiJw8PY3CkiKHqRB8V0dP0lBg99NnD03MZDh83PicgIwNC7t6ZzO7Xm6u82DzSu0uLlpAbq6_CVIruLLUfNNs_szfmDFQV_cfrAhhD7AJk-IQw=s4800-w640,4.6,61,https://maps.google.com/?cid=2885080770451570964&g_mp=Cidnb29nbGUubWFwcy5wbGFjZXMudjEuUGxhY2VzLlNlYXJjaFRleHQQAhgEIAA,No,,2026-09-28
Kingston,R J Kennedy Electric Ltd,"141 Duff St, Kingston, ON K7K 2L6, Canada",(613) 547-4346,,http://www.electriciankingston.ca/,https://lh3.googleusercontent.com/grass-cs/ACvplmNhxV4pGotVyJkuoyEC5iS8auz38X5y50Cj4jf2Q_enIzXJGB-QQ5pWBrNMrgqnk9MX59DNyyBp1yMbUcjDMQp2OzNsl1d-7DR8dMEeIZsRZZMZW9R_e5ockac0B8U_u47F6Fq2pw=s4800-w640,4.3,17,https://maps.google.com/?cid=8722695964926549688&g_mp=Cidnb29nbGUubWFwcy5wbGFjZXMudjEuUGxhY2VzLlNlYXJjaFRleHQQAhgEIAA,No,,2026-09-28
Niagara Falls,Emcor Electric Group Inc.,"4226 Drummond Rd, Niagara Falls, ON L2E 6B9, Canada",(905) 651-8126,,http://emcorelectric.com/,https://lh3.googleusercontent.com/grass-cs/ACvplmO6JU2dEqTdVtwpvLFzO0LlRehbUDXmxBqXk-2l2TsD6NZyxvyHRQiL-ViWEOEgz2RrTqxfBuPLqVkgyuPRn_5SSjfiHK_OuEZFpRzsnoeXgoTK_qw6fYZWsGDcF9HmZdCnsOVz=s4800-w640,5,158,https://maps.google.com/?cid=3065871536479089725&g_mp=Cidnb29nbGUubWFwcy5wbGFjZXMudjEuUGxhY2VzLlNlYXJjaFRleHQQAhgEIAA,Yes,,2026-09-28
Niagara Falls,VISCA electric,"5602 George St, Niagara Falls, ON L2E 3E2, Canada",(905) 354-0184,allyanna@viscaelectric.ca,http://viscaelectric.ca/,https://lh3.googleusercontent.com/grass-cs/ACvplmPf8hcEKGu7_YXAKl57nDbedw46hww_9OM46JcKTF16JDBck8QNpxzoCOs3s3-IVPtuaiLyWN5i7SCQUCzwJn-n7L2MGNrd2bgD_wZv6ngUppGf8TdK2KNCgVpGrZ99eVTlGeqG=s4800-w640,4.9,101,https://maps.google.com/?cid=6970669684420163822&g_mp=Cidnb29nbGUubWFwcy5wbGFjZXMudjEuUGxhY2VzLlNlYXJjaFRleHQQAhgEIAA,No,,2026-09-28
Niagara Falls,Parisi Electric,"17, 7000 McLeod Rd #131, Niagara Falls, ON L2G 7K3, Canada",(905) 650-0382,info@parisielectric.com,https://www.parisielectric.com/,https://lh3.googleusercontent.com/grass-cs/ACvplmNO39Gdq6LBPxGNcvTjYhvLGniE29oKWAi0GflANYQwYKU2nNSgh7Nuyiks3o793ALWDAfoj4e2r5ttt5YE75jV5yzsl-90xvfgsTBUrZ-PsERmQp8KVjOOx8gUQ8Ge2JfPFSyL1RAQy-oL=s4800-w640,4.9,80,https://maps.google.com/?cid=9327129882885815927&g_mp=Cidnb29nbGUubWFwcy5wbGFjZXMudjEuUGxhY2VzLlNlYXJjaFRleHQQAhgEIAA,No,,2026-09-28
Niagara Falls,Wire One Electric Inc.,"7119 Reixinger Rd, Niagara Falls, ON L2G 0S3, Canada",(905) 658-0553,,http://www.wireone.ca/,https://lh3.googleusercontent.com/grass-cs/ACvplmN3r3n0qnpFyigGfx7d8nFu4nqYRlICIIgy3gciVYar6olZpjilU8xYr7lsUBAuEGyTnacKjyLl2Dim2afWcmnpz1ZMxtxwWkL37i8khuMoUWgieTOqkm4_S6RmeB1avKaNfBro=s4800-w640,4.8,150,https://maps.google.com/?cid=825164176505803594&g_mp=Cidnb29nbGUubWFwcy5wbGFjZXMudjEuUGxhY2VzLlNlYXJjaFRleHQQAhgEIAA,No,,2026-09-28
Peterborough,Cardinal Plumbing Electric & Septic,"287 Noftall Gdns, Peterborough, ON K9H 0G8, Canada",(705) 745-1221,info@cardinalhome.ca,https://cardinalhome.ca/,https://lh3.googleusercontent.com/grass-cs/ACvplmMkdYMAU5nLcSiQhoOta24t6vEMkYY9mILjBoZRVtc-OKszgt9Zz8aTmWuzKbOnJYLRA5t0JB2KNxzi4jFZU-TRcGs2gsRj_Zq4wpKunTrDAWB7QVA0B4u0_ZfbsBtegY3R07Eo=s4800-w640,4.9,1204,https://maps.google.com/?cid=17959000778327912711&g_mp=Cidnb29nbGUubWFwcy5wbGFjZXMudjEuUGxhY2VzLlNlYXJjaFRleHQQAhgEIAA,Yes,,2026-09-28
Peterborough,Grounded Electrical Co.,"1632 Hetherington Dr, Peterborough, ON K9L 0G6, Canada",(705) 482-0080,groundedelectricalco@gmail.com,http://www.groundedelectricalco.ca/,https://lh3.googleusercontent.com/grass-cs/ACvplmPwOdBgP3pNHiWM5FCzGgpDasI4nTA3_X0LHKwxtXUMtjqwOFeM9KQqo5qPZBrucAU_P1qcUUKYaj33VbJWuhgqVFuo7CgiGqiGKjumySofqdzVk5EuWQTzI3-jaYSIUpoTlSdr=s4800-w640,4.9,54,https://maps.google.com/?cid=18140070814801373393&g_mp=Cidnb29nbGUubWFwcy5wbGFjZXMudjEuUGxhY2VzLlNlYXJjaFRleHQQAhgEIAA,No,,2026-09-28
Peterborough,Electricians Peterborough,"1 Stornoway Pl #304B, Peterborough, ON K9J 8B8, Canada",(705) 996-2556,,https://www.electricianspeterborough.ca/,https://lh3.googleusercontent.com/grass-cs/ACvplmMnsgSY2Uu9BZeHwCDpRv8_lgvLx7mS_7Vp7gVX8FQn9FsENpn7Xhh-jtmLmspO4YeNsPOZGmCVUX4yBGL74uJ46z761-bsW4-S8gIoMD0pxmizpuS6DzS46HYOVKRgTkTIMYsp=s4800-w499,5,15,https://maps.google.com/?cid=1715967595240787044&g_mp=Cidnb29nbGUubWFwcy5wbGFjZXMudjEuUGxhY2VzLlNlYXJjaFRleHQQAhgEIAA,No,,2026-09-28
Peterborough,MB Electric Inc,"536 Humber Rd, Peterborough, ON K9J 1H2, Canada",(705) 243-8104,,,https://lh3.googleusercontent.com/grass-cs/ACvplmPiJV79iW-iFX9ndOsbMPKCZiKxdV1FTNVSHCNBTLN7pWS8JW9y8rWbHE1JtgOIY8r5tRv70k46_FuuOZydqZHt06VjFt3IEtKL9I38--oaE0wz9wkqrQKFfNHOMn-ZpABcXyYmTJhLCkqM=s4800-w640,5,14,https://maps.google.com/?cid=7087298540230279878&g_mp=Cidnb29nbGUubWFwcy5wbGFjZXMudjEuUGxhY2VzLlNlYXJjaFRleHQQAhgEIAA,No,,2026-09-28
Peterborough,Nixon Electric Company Ltd.,"910 High St #14, Peterborough, ON K9J 1R3, Canada",(705) 874-1347,info@nixonelectric.ca,https://www.nixonelectric.ca/,https://lh3.googleusercontent.com/grass-cs/ACvplmPOPYGsyFFLFDhln1O_gLmyFDtmehgxAiLx-9T4iYeELmOkRs5fcPofdvwX_Aa_PA3jUvn5dZbIHX-UP3x7wQrSkHiH7WrjUzTh0vsr7KWNfNe0rnx7ATPWOP7IAkCxgtsuX1mtVwqZEJZ-=s4800-w640,5,10,https://maps.google.com/?cid=15155375788701998040&g_mp=Cidnb29nbGUubWFwcy5wbGFjZXMudjEuUGxhY2VzLlNlYXJjaFRleHQQAhgEIAA,No,,2026-09-28
Peterborough,Lancer Electric,"270 Milroy Dr, Peterborough, ON K9H 7M9, Canada",(705) 748-4505,service@lancerelectric.ca,http://www.lancerelectric.ca/,https://lh3.googleusercontent.com/grass-cs/ACvplmPojzsJi4xoRpLeDD3VokXvSElJxMMMtvtdqHvT64LbwQsZJ-DbTjAGSgUemyGgLRLNto4vdAjNepciA1qDQYlVHhbqg9V13pPXlzHrk9wJGsTFN1pqIWGkbtnXB6Q8O5a6R-yOnSbn058=s4800-w640,4.6,107,https://maps.google.com/?cid=17912935246528747023&g_mp=Cidnb29nbGUubWFwcy5wbGFjZXMudjEuUGxhY2VzLlNlYXJjaFRleHQQAhgEIAA,No,,2026-09-28
Peterborough,Stevenson Electric,"127 Princess St, Peterborough, ON K9J 2B1, Canada",(705) 917-1867,,http://stevensonelectric.ca/,https://lh3.googleusercontent.com/grass-cs/ACvplmNA8YJ6yHV9_pgGrqqBwfdbHvz3zxXR7iIZa_rt1eB1lfI9St4I8LZlkJeIxeqeA0z4hWGxjqjLaIlVcrphZw3rjwhqHkawzF7klis5uo6WjT6HMFAAhD1FmmaPG6BeACZjc649=s4800-w640,4.6,11,https://maps.google.com/?cid=14859031440592588555&g_mp=Cidnb29nbGUubWFwcy5wbGFjZXMudjEuUGxhY2VzLlNlYXJjaFRleHQQAhgEIAA,No,,2026-09-28
Peterborough,Generation Solar,"550 Gilchrist St, Peterborough, ON K9H 4N9, Canada",(705) 741-1700,info@generationsolar.com,https://generationsolar.com/,https://lh3.googleusercontent.com/grass-cs/ACvplmOXOCAjR-2fzul2M9T5xqhkwzhSyrJduuTIHorG31R-pOdxasNcjUkCTKKmW1eJHehMOXbBFe790iOMUG1Qj1iRcn6phEoQKs6CUbI72gpyyapRDMGv_a6Ix3WamphTIQQ6IEJCTA=s4800-w640,4.2,21,https://maps.google.com/?cid=10758437497174152426&g_mp=Cidnb29nbGUubWFwcy5wbGFjZXMudjEuUGxhY2VzLlNlYXJjaFRleHQQAhgEIAA,No,,2026-09-28
Sault Ste. Marie,Tombari Electric & HVAC,"1187 Great Northern Rd, Sault Ste. Marie, ON P6B 0B9, Canada",(705) 943-7390,info@tombarielectric.com,https://www.tombarielectric.com/,https://lh3.googleusercontent.com/grass-cs/ACvplmPabslM57aKbDKN_sPtpF3T1TRn_7QfbpJU3jN3lPMBnec7rFWGtJwohGoKoyZBCRbZdvbEg6lDWX9uW9uffc6mRPm8HGZ-f2NW8pckNkJY8c7rDn-oKH8VfXAkz7feZreQWuwouSLYxsM=s4800-w640,4.9,143,https://maps.google.com/?cid=10300634995110406458&g_mp=Cidnb29nbGUubWFwcy5wbGFjZXMudjEuUGxhY2VzLlNlYXJjaFRleHQQAhgEIAA,Yes,,2026-09-28
Sault Ste. Marie,DT Electrical Contractors,"305 Conmee Ave, Sault Ste. Marie, ON P6C 3P3, Canada",(705) 254-5673,office@dtelectricalcontractor.ca,http://dtelectrical.org/,https://lh3.googleusercontent.com/grass-cs/ACvplmOvytgotc6S4KegslMGQOuVAXlfj3u7zYOXHqpvQ5DwqkRRzih73VC2Ja4sO7TtFaYMDTXnmeixnP-iehjsgFS39_xdpgRfDOKvbcFelAItDZrfJ6s3a52NFM4x76NPWe13Oe0=s4800-w640,4.8,52,https://maps.google.com/?cid=14260569590112945089&g_mp=Cidnb29nbGUubWFwcy5wbGFjZXMudjEuUGxhY2VzLlNlYXJjaFRleHQQAhgEIAA,No,,2026-09-28
Sault Ste. Marie,GUZZO ELECTRIC,"351 Everett St, Sault Ste. Marie, ON P6C 3X6, Canada",(705) 450-7303,info@guzzoelectrical.com,http://guzzoelectrical.com/,https://lh3.googleusercontent.com/grass-cs/ACvplmORwrYpHK7MDScoEe3q1GniKmH4NXqu26VNjbALF2zrUkm5_cWEVF4xS0vWtdUwhlPBpzyniNHtd5cEDVgU9X2mtP--PQGG-AT6EI18Z9dLP2efhHo-QPlglAYs_ZQhG9rKaL7QdqgIlEJs=s4800-w640,4.8,19,https://maps.google.com/?cid=4706937921129920080&g_mp=Cidnb29nbGUubWFwcy5wbGFjZXMudjEuUGxhY2VzLlNlYXJjaFRleHQQAhgEIAA,No,,2026-09-28
Sault Ste. Marie,Permanent Electric Sault Inc.,"134 Northern Ave E, Sault Ste. Marie, ON P6B 4H4, Canada",(705) 949-7977,info@permanentelectric.com,http://www.permanentelectric.com/,https://lh3.googleusercontent.com/grass-cs/ACvplmPvNWy9rVhTpWoF1GJvDENhzgXlDUHNI9LiQy4x6sWmjSoe5eVp3LggeDRJUCxtA1HXhXh3wmCY6NUKS6hhXW_LdL93OlOnza9XNUJEOTMn7KdVXxs1hQc5PGFhjgsCBRwg8XPt=s4800-w640,4.5,10,https://maps.google.com/?cid=9658587406895228095&g_mp=Cidnb29nbGUubWFwcy5wbGFjZXMudjEuUGxhY2VzLlNlYXJjaFRleHQQAhgEIAA,No,,2026-09-28
Thunder Bay,EECOL Electric,"930 Alloy Dr, Thunder Bay, ON P7B 6A4, Canada",(807) 344-5300,,https://www.eecol.com/en/ca?cid=OSL:H01-1_thunderBay_G-Business_0326,https://lh3.googleusercontent.com/grass-cs/ACvplmPgahGqy1rB2ZOVAxUsDG36gapAFTFvpSjI4hkPmB29amRLJvjUWj6dbiuQs5K9YNFc4mYF-Sw91pT0Y2LJQO-jtzrQR83ylehcZI6no2jPMZpNrroriWn8Hi4zNHKYBk3Oi3Y=s4800-w640,4.9,20,https://maps.google.com/?cid=16372677230314763989&g_mp=Cidnb29nbGUubWFwcy5wbGFjZXMudjEuUGxhY2VzLlNlYXJjaFRleHQQAhgEIAA,Yes,,2026-09-28
Thunder Bay,I & M Electric,"580 Squier St, Thunder Bay, ON P7B 4A8, Canada",(807) 345-3151,orders@iandmelectric.com,http://www.iandmelectric.com/,https://lh3.googleusercontent.com/grass-cs/ACvplmN7uYmVkk7pe2wTmW1dcB29VP5imm8IXJZI6rVgNkFMDcmeQ0OzKBwOGFwkr5yYe-JWDtGgE-7jowDiJrmnVfPVUJW2K_cbRpSla8l7Xg8AkhvYgxzBt0jVFkzqbtHjwO7I3VU=s4800-w640,4.9,12,https://maps.google.com/?cid=1894204961115326947&g_mp=Cidnb29nbGUubWFwcy5wbGFjZXMudjEuUGxhY2VzLlNlYXJjaFRleHQQAhgEIAA,No,,2026-09-28
Thunder Bay,Gary Wenzel Electrical and Fire Alarm Solutions,"801 Gore St W, Thunder Bay, ON P7E 3S7, Canada",(807) 577-9397,admin@wenzelsolutions.ca,https://wenzelsolutions.ca/,https://lh3.googleusercontent.com/grass-cs/AABkmLex0rDhBhoWUo-_fvOXOl12-hefHQgFJ9HAKKDQneiZwkbiL5SKmD9EVmVkrf2rLCefx7U9nN29Ll2_-YujGFBR9k_4c5wkn4bBKzD1qCB9eAOm94wQtGqaLVx4du8HMJjQ4AM=s4800-w598,4.6,22,https://maps.google.com/?cid=15548917934991928550&g_mp=Cidnb29nbGUubWFwcy5wbGFjZXMudjEuUGxhY2VzLlNlYXJjaFRleHQQAhgEIAA,No,,2026-09-28
Thunder Bay,Dixon Electric,"724 Macdonell St, Thunder Bay, ON P7B 4A6, Canada",(807) 345-7767,,http://www.dixonelectric.ca/?utm_source=google&utm_medium=local&utm_campaign=google-local,https://lh3.googleusercontent.com/grass-cs/ACvplmNevb8k2I3x-IbN3HgKHL9zQauhfYEEhZLNGBC8RuXsRPn1OgkoGrL440bDROhxANQIxR4OzaUknih6HDdyyPhW1FYFSfo4AebEzhd111cwTHfvn0CcZVikmV4QnBhQlesNvlEh=s4800-w640,4.5,23,https://maps.google.com/?cid=13024768243337870980&g_mp=Cidnb29nbGUubWFwcy5wbGFjZXMudjEuUGxhY2VzLlNlYXJjaFRleHQQAhgEIAA,No,,2026-09-28
Thunder Bay,Park Electric Service Co,"166 Powley St, Thunder Bay, ON P7A 2K7, Canada",(807) 344-1052,park.electric@shaw.ca,https://parkelectric.ca/,https://lh3.googleusercontent.com/grass-cs/ACvplmO4sGK9lqk4DZTn6WXA2fDvZJ2BLD8uylIK5i_fTtcOViCAl2brBWQINMhURjxSnKper36e5eLQ7dIddQJxXRbXxyxvV5xyTN_W2Wp0cZ-9Qu-tTDaHHEvq4dpRzZBkDA7Jr6F9=s4800-w640,4.2,27,https://maps.google.com/?cid=15444231700049144183&g_mp=Cidnb29nbGUubWFwcy5wbGFjZXMudjEuUGxhY2VzLlNlYXJjaFRleHQQAhgEIAA,No,,2026-09-28
Timmins,VG Electrical,"1175 Jaguar Dr, Timmins, ON P4R 0G9, Canada",(705) 406-5128,,http://vgelectrical.ca/,https://lh3.googleusercontent.com/grass-cs/ACvplmMKlHYXJUa2OkR8LbbUqE5btfeZVzaUMfdGJiEXO4QfnBYuoztFY6_lti539U9HaLAo76gTvaJ7kFL1CYu1u4GklQBSlRPULyLmhFNPGBC5ICSuwiFqqcoRtMTcpU4cpEsoaWKmZg=s4800-w640,5,23,https://maps.google.com/?cid=13962393578174534410&g_mp=Cidnb29nbGUubWFwcy5wbGFjZXMudjEuUGxhY2VzLlNlYXJjaFRleHQQAhgEIAA,Yes,,2026-09-28
Timmins,Johnston's Electrical Construction Ltd,"150 Brousseau Ave, Timmins, ON P4N 7G2, Canada",(705) 268-5999,,http://www.johnstonselectrical.ca/,https://lh3.googleusercontent.com/grass-cs/ACvplmPUWEi63TJWO5Xfvgupm4IgBunLCNKLb5sf3OOdN2VElCR2_aFgaWIQ8SQxRnBP1WA0YFktgT8Fjg6Lm-JWO-iQQEC_c6nORRaVEeKovL6oR8qGVxHjgFlB8OLiyc5bMF_v1vXkzg=s4800-w640,5,15,https://maps.google.com/?cid=17990752468707654381&g_mp=Cidnb29nbGUubWFwcy5wbGFjZXMudjEuUGxhY2VzLlNlYXJjaFRleHQQAhgEIAA,No,,2026-09-28
Timmins,Dixon Electric,"33 Iroquois Rd E, Timmins, ON P4N 7C5, Canada",(705) 264-6100,,http://www.dixonelectric.ca/?utm_source=google&utm_medium=local&utm_campaign=google-local,https://lh3.googleusercontent.com/grass-cs/ACvplmMXGKGtVNgQanMQuBTJUvwzPii17cyp3hZGRVT6f231lX-F3QT6jFV0-iSy2qQU1-UHkR5gEn9zPFdSsuWxiGCXKygx7k9fH7uW037yzOOdTbFgIMAkE__xVqNs7Lnky2TbGoQW=s4800-w640,4.7,19,https://maps.google.com/?cid=4642201048051398265&g_mp=Cidnb29nbGUubWFwcy5wbGFjZXMudjEuUGxhY2VzLlNlYXJjaFRleHQQAhgEIAA,No,,2026-09-28
Timmins,Accurate Electric,"1761 Laforest Rd, Timmins, ON P4N 7C3, Canada",(705) 267-7694,shewen@accurateelectric.ca,http://www.accurateelectric.on.ca/,,4.5,10,https://maps.google.com/?cid=4558633385989696198&g_mp=Cidnb29nbGUubWFwcy5wbGFjZXMudjEuUGxhY2VzLlNlYXJjaFRleHQQAhgEIAA,No,,2026-09-28
Timmins,MG Industries - Electrical Contractor,"6855 ON-101, Timmins, ON P0N 1H0, Canada",,info.mgindustriesinc@gmail.com,https://www.mgindustriesinc.com/,https://lh3.googleusercontent.com/grass-cs/ACvplmOgeWkwwSI7ZQgAj9eaexiF7ZQMbwA-My92b_pAdS2Ibm3QYrx6LQ-AjaOJ3HqRKsJ6UcSy0RG_gnFWO2WYN3Nmk_Pl3qDH14t5b34JWVMWHAfrnAqonnPBuNOhu3VkJrsHS-vrZg=s4800-w640,4.3,29,https://maps.google.com/?cid=18011555518409451287&g_mp=Cidnb29nbGUubWFwcy5wbGFjZXMudjEuUGxhY2VzLlNlYXJjaFRleHQQAhgEIAA,No,,2026-09-28
Timmins,Gem Electric Motor Service Ltd,"151 Wilson Ave, Timmins, ON P4N 2T2, Canada",(705) 264-0668,,,,4.1,13,https://maps.google.com/?cid=4384161250456127140&g_mp=Cidnb29nbGUubWFwcy5wbGFjZXMudjEuUGxhY2VzLlNlYXJjaFRleHQQAhgEIAA,No,,2026-09-28
