City,Business Name,Address,Phone,Website,Google Rating,Review Count,Google Maps URL,HomePowerRebate Recommended,Notes,Last Updated
Squamish,Squamish Heat Solutions,234 Cleveland Ave Squamish BC,604-555-1301,https://squamishheats.ca,4.9,40,https://goo.gl/maps/squamish,Yes,Top rated,2026-07-19
Squamish,Sea-to-Sky Energy,567 Sea-to-Sky Squamish BC,604-555-1302,https://seatosky.ca,4.7,34,https://goo.gl/maps/seatosky,Yes,Great reviews,2026-07-19
Squamish,Whistler Valley HVAC,890 Whistler Way Squamish BC,604-555-1303,https://whistlervalley.ca,4.5,26,https://goo.gl/maps/whistler,No,Good service,2026-07-19
Squamish,Brackendale Energy,123 Brackendale Rd Squamish BC,604-555-1304,https://brackendaleenergy.ca,4.2,17,https://goo.gl/maps/brackendale,No,Limited reach,2026-07-19
Squamish,Alice Lake Services,345 Alice Lake Squamish BC,604-555-1305,https://alicelake.ca,4.0,12,https://goo.gl/maps/alicelake,No,Newer operator,2026-07-19
Surrey,Energy Masters Surrey,789 Central Ave Surrey BC,604-555-0501,https://energymasters.ca,4.9,44,https://goo.gl/maps/energymastersurrey,Yes,Outstanding,2026-07-19
Surrey,Volt Electric Heat,234 Scott Rd Surrey BC,604-555-0502,https://voltelectric.ca,4.7,34,https://goo.gl/maps/voltsurrey,Yes,Great at explaining,2026-07-19
Surrey,Forward Energy,567 96 Ave Surrey BC,604-555-0503,https://forwardenergy.ca,4.5,25,https://goo.gl/maps/forwardsurrey,No,Good option,2026-07-19
Surrey,Renewable Homes Surrey,890 128 St Surrey BC,604-555-0504,https://renewablehomessurrey.ca,4.3,20,https://goo.gl/maps/renewablesurrey,No,Limited battery exp,2026-07-19
Surrey,Bright Future Energy,123 King George Blvd Surrey BC,604-555-0505,https://brightfuture.ca,4.1,13,https://goo.gl/maps/brightfuturesurrey,No,Newer to area,2026-07-19
Vancouver,SolarTech Solutions,234 Main St Vancouver BC,604-555-0101,https://solartechbc.com,4.9,47,https://goo.gl/maps/solartechvan,Yes,Great follow-up,2026-07-19
Vancouver,EcoHeat Installations,567 Market St Vancouver BC,604-555-0102,https://ecoheatvancouver.com,4.7,32,https://goo.gl/maps/ecoheatvan,Yes,Heat pump focused,2026-07-19
Vancouver,Pacific Energy Solutions,890 Technology Way Vancouver BC,604-555-0103,https://pacificenergy.bc.ca,4.5,28,https://goo.gl/maps/pacificvan,No,More expensive,2026-07-19
Vancouver,Green Home Systems,234 Energy Blvd Vancouver BC,604-555-0104,https://greenhomesystems.ca,4.3,19,https://goo.gl/maps/greenhomevan,No,Limited availability,2026-07-19
Vancouver,BC Renewable Energy,456 Solar Ave Vancouver BC,604-555-0105,https://bcrenewable.com,4.1,15,https://goo.gl/maps/bcrenewvan,No,Mixed reviews,2026-07-19
Vernon,Vernon Heat Pump Solutions,234 32nd Ave Vernon BC,250-555-1401,https://vernonheat.ca,4.9,41,https://goo.gl/maps/vernon,Yes,Excellent local,2026-07-19
Vernon,Okanagan North Energy,567 30th Ave Vernon BC,250-555-1402,https://okaganannorth.ca,4.7,35,https://goo.gl/maps/okanaganorth,Yes,Strong reputation,2026-07-19
Vernon,Lake Country HVAC,890 Silver Star Rd Vernon BC,250-555-1403,https://lakecountry.ca,4.5,27,https://goo.gl/maps/lakecountry,No,Good service,2026-07-19
Vernon,Enderby Energy,123 Enderby Ave Vernon BC,250-555-1404,https://enderby.ca,4.2,18,https://goo.gl/maps/enderby,No,Limited coverage,2026-07-19
Vernon,Coldstream Services,345 Coldstream Ave Vernon BC,250-555-1405,https://coldstream.ca,4.0,13,https://goo.gl/maps/coldstream,No,Newer operator,2026-07-19
Victoria,Island Heat Solutions,123 Oak Bay Ave Victoria BC,250-555-0301,https://islandheat.ca,4.9,52,https://goo.gl/maps/islandheatvic,Yes,Excellent reputation,2026-07-19
Victoria,Victoria Energy Works,456 Fairfield Rd Victoria BC,250-555-0302,https://victoriaenergy.bc.ca,4.7,38,https://goo.gl/maps/victoriaenergyvic,Yes,Strong presence,2026-07-19
Victoria,Sunshine Solar & Heat,789 Hillside Ave Victoria BC,250-555-0303,https://sunshinevic.ca,4.5,29,https://goo.gl/maps/sunshinevic,No,Less experienced,2026-07-19
Victoria,Peninsula Energy,234 Beacon Hill Victoria BC,250-555-0304,https://peninsulaenergy.ca,4.3,21,https://goo.gl/maps/peninsulavic,No,Reliable crew,2026-07-19
Victoria,Capital Green Solutions,567 Pandora Ave Victoria BC,250-555-0305,https://capitalgreen.ca,4.1,14,https://goo.gl/maps/capitalvic,No,Limited scheduling,2026-07-19
