City,Business,Website,Email,Found on,Date
Chicago,The Solar Soldier,http://www.thesolarsoldier.com/,info@thesolarsoldier.net,http://www.thesolarsoldier.com/,2026-10-09
Chicago,Ailey Solar,http://aileysolar.com/,info@aileysolar.com,http://aileysolar.com/,2026-10-09
Chicago,Windfree Solar Co,https://www.windfree.us/,info@windfree.us,https://www.windfree.us/,2026-10-09
Aurora,"Tully Electric, Inc.",http://www.tully-electric.com/,tullyelectric@icloud.com,http://www.tully-electric.com/,2026-10-09
Aurora,Safeguard Solar LLC,https://www.safeguardsolarllc.com/,info@safeguardsolarllc.com,https://www.safeguardsolarllc.com/,2026-10-09
Aurora,Aurora Electric Inc,https://www.auroraelectricinc.com/,tech@auroraelectricinc.com,https://www.auroraelectricinc.com/,2026-10-09
Naperville,Your Naperville Electrician,http://www.yournapervilleelectrician.com/,yournapervilleelectrician@gmail.com,http://www.yournapervilleelectrician.com/,2026-10-09
Naperville,MJP Electrical Experts Inc,http://mjpelectricalexperts.com/,mjpeoffice@gmail.com,http://mjpelectricalexperts.com/,2026-10-09
Naperville,Battery Builders,http://www.batterybuilders.com/,sales@batterybuilders.com,http://www.batterybuilders.com/,2026-10-09
Naperville,A-Plus Electric,https://www.apluselectrician.net/,info@apluselectrician.net,https://www.apluselectrician.net/,2026-10-09
Peoria,Solar Shield Blinds,http://solarshieldblinds.com/peoria,office@solarshieldblinds.com,http://solarshieldblinds.com/peoria,2026-10-09
Peoria,SOLAR PANTHER,https://thesolarpanther.com/,office@therooftiger.com,https://thesolarpanther.com/,2026-10-09
Peoria,"Interstate All Battery Center of Peoria, IL",https://www.interstatebatteries.com/locations/all-battery-center-peoria-il?utm_source=google&utm_medium=local&utm_campaign=localmaps&utm_content=9030,abc7126@sbcglobal.net,https://www.interstatebatteries.com/locations/all-battery-center-peoria-il?utm_source=google&utm_medium=local&utm_campaign=localmaps&utm_content=9030,2026-10-09
Peoria,1Earth Solar,http://1earthsolar.com/,contact@1earthsolar.com,http://1earthsolar.com/,2026-10-09
Peoria,Oasis Electric,https://electricaloasis.com/,service@electricaloasis.com,https://electricaloasis.com/contact,2026-10-09
Peoria,Energy Home Insulation Inc,https://www.ehinsulation.com/,office@ehinsulation.com,https://www.ehinsulation.com/,2026-10-09
Peoria,"One Energy Solutions, LLC",http://www.one-energysolutions.com/,admin@one-energysolutions.com,http://www.one-energysolutions.com/,2026-10-09
Chicago,Global Heating and Cooling LLC | HVAC,https://www.globalheatingcooling.us/,info@globalheatingcooling.us,https://www.globalheatingcooling.us/,2026-10-09
Chicago,Chicago Comfort HVAC Services,https://www.chicagocomforthvac.com/,info@t9x9xbs3ab.wpdns.site,https://www.chicagocomforthvac.com/,2026-10-09
Chicago,Tabor's Complete Comfort Mechanical,https://www.tccmechanical.com/?utm_source=GBP,sales@tccmechanicalheating.com,https://www.tccmechanical.com/contact,2026-10-09
Chicago,Browns Heating & Cooling,https://brownshvac.net/,support@brownshvac.net,https://brownshvac.net/,2026-10-09
Aurora,U.S. Allied Plumbing & HVAC,https://usalliedplumbing.com/,info@usalliedplumbing.com,https://usalliedplumbing.com/,2026-10-09
Aurora,Pillar Heating and Air Conditioning Service,http://www.pillarair.com/,travis@pillarair.com,http://www.pillarair.com/,2026-10-09
Aurora,Step By Step Electrical & HVAC Contractor,https://stepbystepcontractor.com/,connect@stepbystepcontractor.com,https://stepbystepcontractor.com/,2026-10-09
Aurora,Amazing Air Inc.,http://www.amazingairinc.com/?utm_source=google&utm_medium=organic&utm_campaign=gbp,amazingairinc1979@gmail.com,http://www.amazingairinc.com/?utm_source=google&utm_medium=organic&utm_campaign=gbp,2026-10-09
Naperville,A All Temp Inc. Heating & Cooling,https://aalltemp.com/?utm_source=google&utm_medium=organic&utm_campaign=Naperville%20GBP,info@aalltemp.com,https://aalltemp.com/?utm_source=google&utm_medium=organic&utm_campaign=Naperville%20GBP,2026-10-09
Naperville,All Seasons Heating & Cooling,https://allseasons247.com/,sales@allseasons247.com,https://allseasons247.com/,2026-10-09
Naperville,American Mechanical Systems,https://www.americanmechanicalsystems.com/,office@americanmechanicalsystems.com,https://www.americanmechanicalsystems.com/,2026-10-09
Peoria,Cool Tech Heating and Cooling,https://www.cooltechinstallations.com/,services@cooltechinstallations.com,https://www.cooltechinstallations.com/,2026-10-09
Peoria,Griffin HVAC,http://www.griffinheatingcooling.com/,douggriffinheatcool@gmail.com,http://www.griffinheatingcooling.com/,2026-10-09
Peoria,Accurate Heating & Cooling,https://www.accurate-heating.com/,info@accurate-heating.com,https://www.accurate-heating.com/,2026-10-09
Peoria,Montefusco HVAC,http://www.montefuscohvac.com/,wes@montefuscohvac.com,http://www.montefuscohvac.com/,2026-10-09
Peoria,Bratcher Heating & Air Conditioning,https://bratchercomfort.com/?utm_source=google&utm_medium=organic&utm_campaign=GMBListing-East-Peoria-IL,abcd@gmail.com,https://www.lennox.com/locate/dealer/il/champaign/bratcher-htg-and-a-c?contact=1,2026-10-09
Chicago,Clean Air Doctors | Insulation Company | Spray Foam Insulation,https://www.cleanairdoctors.com/?utm_source=google&utm_medium=gmb&utm_campaign=seo,info@cleanairdoctors.com,https://www.cleanairdoctors.com/?utm_source=google&utm_medium=gmb&utm_campaign=seo,2026-10-09
Peoria,Green Homes Illinois,http://www.greenhomesil.com/,kevin@greenhomesil.com,http://www.greenhomesil.com/,2026-10-09
Chicago,Clean Earth Renewables,https://clean-earth.org/,enroll@clean-earth.org,https://clean-earth.org/,2026-10-09
Chicago,"Quality Solar, LLC",https://www.qualitysolarepc.com/?utm_source=gbp&utm_medium=organic&utm_campaign=gbp-website-cta,info@qualitysolarepc.com,https://www.qualitysolarepc.com/?utm_source=gbp&utm_medium=organic&utm_campaign=gbp-website-cta,2026-10-09
Detroit,Strawberry Solar,https://www.strawberrysolar.com/,sales@strawberrysolar.com,https://www.strawberrysolar.com/,2026-10-09
Grand Rapids,"Eco Electric, LLC",http://www.ecoelectric.llc/,office@ecoelectric.llc,http://www.ecoelectric.llc/contact,2026-10-09
Ann Arbor,ADAMS ELECTRIC SHOP LLC,http://www.adamselectricshop.com/,info@adamselectricshop.com,http://www.adamselectricshop.com/,2026-10-09
Ann Arbor,Kingfisher Electric,https://kingfisherannarbor.com/,noah@kingfisherannarbor.com,https://kingfisherannarbor.com/,2026-10-09
Ann Arbor,Mister Sparky Electric,https://www.mistersparky.com/ann-arbor/,kyle@mseannarbor.com,https://www.mistersparky.com/ann-arbor/,2026-10-09
Grand Rapids,Bazen Electric,http://www.bazenelectric.com/,info@bazenelectric.com,http://www.bazenelectric.com/contact,2026-10-09
Ann Arbor,Ann Arbor Windows & Doors - A Pure Energy Company,https://www.annarborwindowcompany.com/,annarborwindows@gmail.com,https://www.annarborwindowcompany.com/,2026-10-09
Ann Arbor,NuLimit Electric,http://www.nulimitcontractors.com/,nulimitelectric@gmail.com,http://www.nulimitcontractors.com/,2026-10-09
Ann Arbor,Dan Del Zoppo Electric Co Inc,http://delzoppoelectric.com/,danselectric@comcast.net,https://www.delzoppoelectric.com/contact-4,2026-10-09
Lansing,Wire Works,https://www.wireworksinc.com/,scheduling@wireworksinc.com,https://www.wireworksinc.com/,2026-10-09
Lansing,Wire Works Inc,https://www.wireworksinc.com/,scheduling@wireworksinc.com,https://www.wireworksinc.com/,2026-10-09
Lansing,Absolute Solar,http://www.absolutesolar.com/,info@absolutesolar.com,http://www.absolutesolar.com/contact,2026-10-09
Lansing,FD Hayes Electric Company,http://fdhayes.com/,info@fdhayes.com,http://fdhayes.com/,2026-10-09
Detroit,WAYNE COUNTY HVAC LLC,http://waynecountyhvac.com/,waynecountyhvac@gmail.com,http://waynecountyhvac.com/,2026-10-09
Detroit,System Pros Heating & Cooling,https://systemprosheatingandcooling.com/,info@systemprosheatingandcooling.com,https://systemprosheatingandcooling.com/,2026-10-09
Detroit,Manning Mechanical,http://www.manningheatingdetroit.com/,info@manningheatingdetroit.com,http://www.manningheatingdetroit.com/,2026-10-09
Detroit,A&H HVAC SERVICES,http://www.aandhhvac.com/,aandh4@gmail.com,http://www.aandhhvac.com/,2026-10-09
Grand Rapids,Klima Comfort Solutions,https://www.klimacomfortsolutions.com/,orders@mywebsite-now.com,https://www.klimacomfortsolutions.com/,2026-10-09
Grand Rapids,Pro-Tech Heating & Cooling,https://www.protechgr.com/?utm_source=google&utm_medium=organic&utm_campaign=gbp,justbetter@protechgr.com,https://www.protechgr.com/?utm_source=google&utm_medium=organic&utm_campaign=gbp,2026-10-09
Grand Rapids,R&R Heating and Cooling,https://rrmechanicalsvs.com/contact-us/?utm_source=google&utm_medium=organic&utm_campaign=gbp-listing,customerservice@rrmechanicalsvs.com,https://rrmechanicalsvs.com/contact-us/?utm_source=google&utm_medium=organic&utm_campaign=gbp-listing,2026-10-09
Lansing,Sol Solar / Solar pros / Freedom Forever,http://www.freedomforever.com/,customersupport@freedomforever.com,https://freedomforever.com/about/contact-us/,2026-10-09
Grand Rapids,Grapids Home Services,https://www.grheat.com/?utm_source=GMB&utm_medium=organic,info@grheat.com,https://www.grheat.com/?utm_source=GMB&utm_medium=organic,2026-10-09
Grand Rapids,Jacobson Heating & Cooling,http://www.jacobsonheating.com/,jacobson@jacobsonheating.com,http://www.jacobsonheating.com/contact,2026-10-09
Ann Arbor,Al's Water Heater Sales & Services,http://www.als-water-heaters.com/,alswaterheaters@yahoo.com,http://www.als-water-heaters.com/,2026-10-09
Ann Arbor,Indoor Comfort Heating & Cooling,https://indoorcomfort.net/,info@indoorcomfort.com&quot;&gt;info@indoorcomfort.com&lt;/a&gt,https://indoorcomfort.net/,2026-10-09
Ann Arbor,"Fry Heating, Cooling & Plumbing",https://fryheating.com/service-areas/heating-and-cooling-ann-arbor-mi/,askfry@relyonfry.com,https://fryheating.com/service-areas/heating-and-cooling-ann-arbor-mi/,2026-10-09
Ann Arbor,CMR Mechanical - Ann Arbor,https://www.cmrmechanical.com/,info@cmrmechanical.com,https://www.cmrmechanical.com/contact,2026-10-09
Ann Arbor,Jetstream Mechanical,http://www.jetstreammechanical.net/,info@jetstreammechanical.net,http://www.jetstreammechanical.net/,2026-10-09
Ann Arbor,4-Seasons Company,http://www.fourseasonshvacr.com/,randyjkoch1@gmail.com,http://www.fourseasonshvacr.com/,2026-10-09
Lansing,Hager Fox Heating & Air Conditioning,https://hagerfox.com/lansing/?utm_source=google&utm_medium=organic&utm_campaign=gmb-listing-lansing,info@hagerfox.com,https://hagerfox.com/lansing/?utm_source=google&utm_medium=organic&utm_campaign=gmb-listing-lansing,2026-10-09
Lansing,Doty Service Network,https://www.dotymechanical.com/?utm_source=google&utm_medium=organic&utm_campaign=gbp,info@dotymechanical.com,https://www.dotymechanical.com/?utm_source=google&utm_medium=organic&utm_campaign=gbp,2026-10-09
Lansing,Rise Up Heating & Cooling,https://riseupheating.com/,517vent@gmail.com,https://riseupheating.com/,2026-10-09
Lansing,G.L. Wilson Heating & Cooling,http://www.glwilsonheatingcooling.com/,amanda.s@glwilsonheatingcool.com,http://www.glwilsonheatingcooling.com/,2026-10-09
Grand Rapids,IDI: Insulation Distributors Inc. & Service Center,https://www.idi-insulation.com/location/grand-rapids-mi/?utm_source=google&utm_medium=organic&utm_campaign=gmb,grrorders@idimn.com,https://www.idi-insulation.com/location/grand-rapids-mi/?utm_source=google&utm_medium=organic&utm_campaign=gmb,2026-10-09
Grand Rapids,VerWys Home Insulation,https://www.verwysinsulation.com/,info@verwysinsulation.com,https://www.verwysinsulation.com/,2026-10-09
Grand Rapids,The Insulation Station,http://www.theinsulationstation.com/,office@theinsulationstation.com,http://www.theinsulationstation.com/,2026-10-09
Grand Rapids,Acme Insulations,https://www.acmeinsulations.com/,orders@acmeinsulations.com,https://www.acmeinsulations.com/contact-us,2026-10-09
Ann Arbor,"Thermal Building Solutions, LLC",http://thermalbuildingsolutions.com/,nikomichos@thermalsolutions.us,http://thermalbuildingsolutions.com/,2026-10-09
Ann Arbor,Spink Insulation,https://www.spinkinsulation.com/,office@spinkinsulation.com,https://www.spinkinsulation.com/,2026-10-09
Ann Arbor,Ms. Green Construction,https://www.msgreenconstruction.com/,aprilmsgreen@gmail.com,https://www.msgreenconstruction.com/,2026-10-09
Ann Arbor,Ecotelligent Homes,https://www.ecotelligenthomes.com/about-us/areas-we-serve/ann-arbor/?utm_source=google&utm_medium=organic&utm_campaign=gbp_profile,admin@ecotelligenthomes.com,https://www.ecotelligenthomes.com/contact,2026-10-09
Lansing,Your Home Solution Experts,http://yhsepro.com/,service@yhsepro.com,http://yhsepro.com/,2026-10-09
Detroit,Solar Shades window tinting,https://www.detroitsolarshadeswindowtinting.com/,solarshades1@gmail.com,https://www.detroitsolarshadeswindowtinting.com/,2026-10-09
Grand Rapids,Butler Electric,http://www.butlerelectricservice.com/,bryan@butlerelectricservice.com,http://www.butlerelectricservice.com/,2026-10-09
Lansing,Window World Mid-Michigan,https://www.windowworldmidmichigan.com/,midmichigan@windowworld.com,https://www.windowworldmidmichigan.com/,2026-10-09
Minneapolis,"BlazingStar Energy, LLC",https://www.blazingstarenergy.com/,info@blazingstarenergy.com,https://www.blazingstarenergy.com/,2026-10-09
Rochester,Med City Electric LLC,https://medcityelectric.com/,info@indiantypefoundry.com,https://medcityelectric.com/,2026-10-09
Rochester,EarlyBird Electric,https://earlybirdelectricians.com/rochester/,service@legendsmn.com,https://earlybirdelectricians.com/rochester/,2026-10-09
Minneapolis,US Solar - United States Solar Corporation,https://us-solar.com/,info@us-solar.com,https://us-solar.com/contact,2026-10-09
Rochester,Champion Solar,https://championsolar.com/,info@championsolar.com,https://championsolar.com/,2026-10-09
Rochester,"Kuntz Electric, Inc.",http://www.kuntzelectric.net/,info@solarconnectioninc.com,http://www.kuntzelectric.net/,2026-10-09
Rochester,Solar Connection,http://www.solarconnectioninc.com/,info@solarconnectioninc.com,http://www.solarconnectioninc.com/,2026-10-09
Rochester,Electrical Solutions & Service,https://www.letsgetwiredmn.com/,rob@letsgetwiredmn.com,https://www.letsgetwiredmn.com/,2026-10-09
Duluth,Lotus Electric,http://www.lotuselectricduluth.com/,lotuselectric@schedulingsolutions.io,http://www.lotuselectricduluth.com/,2026-10-09
Rochester,"Accord Electric, Inc.",https://accordelectric.net/,info@accordelectric.net,https://accordelectric.net/,2026-10-09
Duluth,"Wescom, Inc",http://wescominc.com/,info@wescominc.com,http://wescominc.com/,2026-10-09
Duluth,Star Power Electric,https://www.star-power-electric.com/duluth-mn,john@star-power-electric.com,https://www.star-power-electric.com/duluth-mn,2026-10-09
Duluth,Luke's Electric,https://luke-electric.com/,lukeselectricdlh@outlook.com,https://luke-electric.com/,2026-10-09
Duluth,Optimum Energy Group,http://www.optimumsolargroup.com/,inquiries@optimumsolargroup.com,http://www.optimumsolargroup.com/,2026-10-09
Duluth,Duluth Electrical Contracting Inc,http://duluthelectrical.com/,john@duluthelectrical.com,http://duluthelectrical.com/,2026-10-09
Minneapolis,"Pronto Heating and Air Conditioning, Inc.",https://www.prontoheat.com/,office@prontoheat.com,https://www.prontoheat.com/contact,2026-10-09
Minneapolis,Stafford Home Service,https://www.staffordhomeservice.com/?utm_source=google-gbp&utm_medium=organic&utm_campaign=*546*stafford-minneapolis,sales@staffordhomeservice.com,https://www.staffordhomeservice.com/?utm_source=google-gbp&utm_medium=organic&utm_campaign=*546*stafford-minneapolis,2026-10-09
Minneapolis,Endless Quality And Comfort,https://endlessqualityandcomfort.com/,endlessqualityandcomfort@gmail.com,https://endlessqualityandcomfort.com/,2026-10-09
Minneapolis,Hurlburt Heating & Plumbing,https://www.hurlburthp.com/?utm_source=gmb&utm_medium=organic&utm_campaign=GMB+Minneapolis+MN,office@hurlburthp.com,https://www.hurlburthp.com/?utm_source=gmb&utm_medium=organic&utm_campaign=GMB+Minneapolis+MN,2026-10-09
Minneapolis,Midwest Heating&Cooling,https://midwesternhvac.com/,midwest.hvacc@gmail.com,https://midwesternhvac.com/contact,2026-10-09
Minneapolis,Ray N. Welter Heating Company,https://welterheating.com/?utm_source=local&utm_campaign=google%20my%20business&utm_medium=organic,info@welterheating.com,https://welterheating.com/?utm_source=local&utm_campaign=google%20my%20business&utm_medium=organic,2026-10-09
Minneapolis,Midland Heating & Cooling,https://www.midlandhtg.com/?utm_source=google&utm_medium=organic&utm_campaign=gbp,service@midlandhtg.com,https://www.midlandhtg.com/?utm_source=google&utm_medium=organic&utm_campaign=gbp,2026-10-09
Rochester,Action Plumbing & Heating,http://www.callactionplumbing.com/,ctesdahl@actionplumbingheating.net,http://www.callactionplumbing.com/,2026-10-09
Rochester,"Hero: Plumbing, Heating, Cooling, Drains, Ducts & Electrical",https://www.callhero.com/?utm_source=google-gbp&utm_medium=organic&utm_campaign=*126*hero-plumbing-heating-rochester,customerservice@callhero.com,https://www.callhero.com/?utm_source=google-gbp&utm_medium=organic&utm_campaign=*126*hero-plumbing-heating-rochester,2026-10-09
Duluth,Kalkbrenner Plumbing & Heating Inc,https://callkalkbrenner.com/?_vsrefdom=seogbp&utm_source=google&utm_medium=organic&utm_campaign=google-business-profile&utm_content=website,john@gmail.com,https://callkalkbrenner.com/?_vsrefdom=seogbp&utm_source=google&utm_medium=organic&utm_campaign=google-business-profile&utm_content=website,2026-10-09
Duluth,Plumbing and Heating Solutions Inc,https://plumbingandheatingsolutions.net/,stonephsolutions@gmail.com,https://plumbingandheatingsolutions.net/,2026-10-09
Duluth,"Design Heating, LLC",http://www.designheating.net/,office@designheating.net,http://www.designheating.net/,2026-10-09
Duluth,Veterans Heating & Cooling,https://veteransheating.com/,info@veteransheating.com,https://veteransheating.com/,2026-10-09
Duluth,A G O'Brien Plumbing & Heating Co,https://agobrien.com/,dan@agobrien.com,https://agobrien.com/,2026-10-09
Duluth,Harbor Mechanical Inc,http://harbormechanical.com/,seth@harbormechanical.com,http://harbormechanical.com/contact,2026-10-09
Rochester,Superior Mechanical,https://superiormechanical.us/,info@superiormechanical.us,https://superiormechanical.us/about,2026-10-09
Minneapolis,Spray Foam Insulation Plus,https://sprayfoaminsulationplus.com/,info@sfiplus.com,https://sprayfoaminsulationplus.com/,2026-10-09
Minneapolis,Minneapolis Spray Foam Insulation Pros,https://www.sprayfoaminsulationminneapolis.com/,sprayfoamminneapolis@gmail.com,https://www.sprayfoaminsulationminneapolis.com/,2026-10-09
Minneapolis,Minneapolis Insulation,http://www.minneapolisinsulation.com/?utm_source=google&utm_medium=organic&utm_campaign=local&utm_content=gbp,contact@snapconstruction.com,http://www.minneapolisinsulation.com/contact-us,2026-10-09
Newark,Charles K. Sparks Electrical Contractors,http://electricalland.com/Newark,info@electricalland.com,http://electricalland.com/Newark,2026-10-09
Newark,Solar Flex,https://www.mysolarflex.com/,solutions@mysolarflex.com,https://www.mysolarflex.com/,2026-10-09
Jersey City,Phoenex Electric LLC,http://www.phoenexelectric.com/,vinnyb@phoenexelectric.com,http://www.phoenexelectric.com/,2026-10-09
Jersey City,JUDGE BATTERIES (24/7 Car Battery Replacement),http://www.judgebatteries.com/,judgebatteries@gmail.com,http://www.judgebatteries.com/,2026-10-09
Jersey City,Malfettone Electric,https://www.malfettoneelectric.com/,operations@malfettoneelectric.com,https://www.malfettoneelectric.com/,2026-10-09
Toms River,Kopp Electric Company,http://koppelectric.com/,sales@koppelectric.com,http://koppelectric.com/,2026-10-09
Newark,HVAC Zone Inc,http://hvaczonenj.com/,info@hvaczonenj.com,http://hvaczonenj.com/,2026-10-09
Newark,Platinum Heating & Cooling,https://platinumhvac.us/,info@platinumhvac.us,https://platinumhvac.us/,2026-10-09
Newark,Emergency HVAC Pros,https://emergency-hvac-pros.ueniweb.com/?utm_campaign=gmb,muhammadjackson762@gmail.com,https://emergency-hvac-pros.ueniweb.com/?utm_campaign=gmb,2026-10-09
Jersey City,Anton Plumbing Heating & Cooling,https://antonplumbinghvac.com/near-me/jersey-city/?utm_source=organic&utm_medium=gbp_listing,service@antonplumbinghvac.com,https://antonplumbinghvac.com/near-me/jersey-city/?utm_source=organic&utm_medium=gbp_listing,2026-10-09
Jersey City,Falcon Builders | Contractors Jersey City,http://www.falconbuilders-nj.com/,falconbuilders24@gmail.com,http://www.falconbuilders-nj.com/,2026-10-09
Jersey City,William J. Guarini Inc.,https://www.guariniplumbing.com/,info@guariniplumbing.com,https://www.guariniplumbing.com/,2026-10-09
Jersey City,Ac Repair & Hvac Pro's of Jersey City,https://acrepairandhvacprosofjerseycity.lovable.app/,info@acrepairofjerseycity.com,https://acrepairandhvacprosofjerseycity.lovable.app/,2026-10-09
Jersey City,Dr Rooter Plumbing Heating Air & Water Damage,http://drrooterplumbingnj.com/,cityservicegroupnj@gmail.com,http://drrooterplumbingnj.com/,2026-10-09
Toms River,Shore Comfort Services,https://www.shorecomfort.com/,jmj732@aol.com,https://www.shorecomfort.com/,2026-10-09
Toms River,Swift Home Service,https://www.swifthomeservicenj.com/,dan@swifthomeservicenj.com,https://www.swifthomeservicenj.com/,2026-10-09
Toms River,"Air We Are Heating, Cooling and Refrigeration",https://www.airweare.com/?utm_source=Google&utm_medium=Organic&utm_campaign=gbp,service@airweare.com,https://www.airweare.com/?utm_source=Google&utm_medium=Organic&utm_campaign=gbp,2026-10-09
Toms River,"Eastern Shore Heating & Air Conditioning, Inc.",https://easternshorehvac.com/areas-served/toms-river/?utm_source=google&utm_medium=organic&utm_campaign=gmbwebsite-toms-river,info@easternshorehvac.com,https://easternshorehvac.com/areas-served/toms-river/?utm_source=google&utm_medium=organic&utm_campaign=gmbwebsite-toms-river,2026-10-09
Toms River,Kingdom First Heating & Cooling,http://kingdomfirsthvac.com/,kingdomfirsthvac@gmail.com,http://kingdomfirsthvac.com/contact-us/4493813,2026-10-09
Atlantic City,Ryan Laverty Plumbing Heating Cooling,https://www.ryanlavertyplumbingheatingcooling.com/?fbclid=IwY2xjawEfXOhleHRuA2FlbQIxMAABHQGLziyPt7q-CeFCs2KyOErNGf-bMdSBtAxX7aNlcuRlCzLDjfQmaWgL3A_aem_mhCwaPBA8jsecJ7w-hAkAg,laverty123@gmail.com,https://www.ryanlavertyplumbingheatingcooling.com/contact-us,2026-10-09
Atlantic City,Charlie DelRoss Plumbing & Heating,http://www.charliedelrossplumbing.com/,c.delross@charliedelrossplumbing.com,http://www.charliedelrossplumbing.com/,2026-10-09
Newark,Montes Insulation & Drywall Pros,https://www.njinsulationcompany.com/,transfopreneursmarketing@gmail.com,https://www.njinsulationcompany.com/,2026-10-09
Newark,Spray Foam Insulation USA,http://www.sprayfoaminsulationusa.com/,sprayusa2@gmail.com,http://www.sprayfoaminsulationusa.com/,2026-10-09
Jersey City,J.J. Builders LLC,http://www.j-jhomeremodeling.com/,info@j-jhomeremodeling.com,http://www.j-jhomeremodeling.com/,2026-10-09
Toms River,Pro-Custom Drywall LLC,https://www.procustomdrywall.com/,booking@procustomdrywall.com,https://www.procustomdrywall.com/,2026-10-09
Toms River,Ultimate Construction,http://www.ultimateconstructionnj.com/,ultimateconstructionnj@yahoo.com,http://www.ultimateconstructionnj.com/,2026-10-09
Jersey City,"Born & Raised Electric, Inc.",http://www.born-raisedelectric.com/,chris@born-raisedelectric.com,http://www.born-raisedelectric.com/,2026-10-09
Seattle,In Charge Home Electric,https://www.inchargehomeelectric.com/,contact@inchargehomeelectric.com,https://www.inchargehomeelectric.com/,2026-10-09
Seattle,Dakota Lithium Batteries,https://dakotalithium.com/,sales@dakotalithium.com,https://dakotalithium.com/,2026-10-09
Seattle,Clean Energy Innovators,https://ce-innovators.com/,randy@ce-innovators.com,https://ce-innovators.com/,2026-10-09
Seattle,A&R Solar,https://www.a-rsolar.com/,info@a-rsolar.com,https://www.a-rsolar.com/,2026-10-09
Seattle,Sphere Solar Energy,http://www.spheresolarenergy.com/,info@spheresolarenergy.com,http://www.spheresolarenergy.com/,2026-10-09
Seattle,Sun Path Electric,https://www.sunpathelectric.com/?utm_source=GMBlisting&utm_medium=referral,hello@sunpathelectric.com,https://www.sunpathelectric.com/contact-us,2026-10-09
Spokane,High Energy Electric - Spokane Valley WA Electrician,https://highenergyservice.com/,dylan@highenergyservice.com,https://highenergyservice.com/,2026-10-09
Tacoma,Sun's Eye Solar,http://sunseyesolar.com/,info@sunseyesolar.com,http://sunseyesolar.com/,2026-10-09
Tacoma,Grit City Electric,https://gritcityelectric.com/?utm_source=Organic&utm_medium=GBL&utm_campaign=HCM,contact@gritcityelectric.com,https://gritcityelectric.com/?utm_source=Organic&utm_medium=GBL&utm_campaign=HCM,2026-10-09
Tacoma,Dependable Electric LLC,http://dependableelectricllc.com/,dependable.elec@gmail.com,http://dependableelectricllc.com/,2026-10-09
Tacoma,Infinity Solar USA,https://infinitysolarusa.com/,sales@infinitysolarusa.com,https://infinitysolarusa.com/,2026-10-09
Vancouver,Wire Nutz Electric,http://wirenutzelectric.com/,info@wirenutzelectric.com,http://wirenutzelectric.com/,2026-10-09
Vancouver,AGE Electric Inc,https://ageelectricinc.com/,contact@ageelectricinc.com,https://ageelectricinc.com/,2026-10-09
Vancouver,Stanley Roof and Solar,https://stanleyroofandsolar.com/?utm_source=google&utm_medium=organic&utm_campaign=gbp-listing,info@stanleyroofandsolar.com,https://stanleyroofandsolar.com/?utm_source=google&utm_medium=organic&utm_campaign=gbp-listing,2026-10-09
Vancouver,ElectricXYZ,http://www.electricxyz.com/,service@electricxyz.com,http://www.electricxyz.com/,2026-10-09
Vancouver,Unity Solar,http://unity-solar.com/,gosolar@unity-solar.com,http://unity-solar.com/,2026-10-09
Bellevue,Sparkson Electrical,https://www.sparkson-electrical.com/book-online,sparkson.electrical@gmail.com,https://www.sparkson-electrical.com/book-online,2026-10-09
Bellevue,MTD Electric Service,https://www.mtdwa.com/,info@mtdwa.com,https://www.mtdwa.com/,2026-10-09
Bellevue,Eastside Electrical LLC,https://eastsideelectricalwa.com/,support@eastsideelectricalwa.com,https://eastsideelectricalwa.com/,2026-10-09
Seattle,"Eco Electric, Plumbing, Heating and Air",https://www.ecoserviceswa.com/?utm_source=gmb-seattle&utm_medium=organic,csr@ecoserviceswa.com,https://www.ecoserviceswa.com/?utm_source=gmb-seattle&utm_medium=organic,2026-10-09
Seattle,"Product Air Heating, Cooling, and Electric Seattle",https://productairheating.com/seattle/,email@productairheating.com,https://productairheating.com/seattle/,2026-10-09
Seattle,One Hour Heating & Air Conditioning,https://www.onehourheatandair.com/central-seattle,info.0959@onehourair.com,https://www.onehourheatandair.com/central-seattle,2026-10-09
Seattle,Seattle Heating & Cooling,https://seattlehvac.com/,sales@seattlehvac.com,https://seattlehvac.com/,2026-10-09
Seattle,Reed Wright Heating & Electric,http://www.reedwrightheating.com/,tim@reedwrightheating.com,http://www.reedwrightheating.com/,2026-10-09
Seattle,"Beacon Plumbing, Heating, Electrical & Mechanical Inc - Seattle",https://www.beaconplumbing.net/plumbing-services-seattle-wa?utm_source=google-gbp&utm_medium=organic&utm_campaign=*668*beacon-plumbing-seattle,bill@beaconplumbing.net,https://www.beaconplumbing.net/plumbing-services-seattle-wa?utm_source=google-gbp&utm_medium=organic&utm_campaign=*668*beacon-plumbing-seattle,2026-10-09
Spokane,"Trademark Heating, Cooling & Electrical",https://trademarkmechanical.com/?utm_source=google-gbp&utm_medium=organic&utm_campaign=*441*trademark-spokane,customercare@trademarkmechanical.com,https://trademarkmechanical.com/?utm_source=google-gbp&utm_medium=organic&utm_campaign=*441*trademark-spokane,2026-10-09
Spokane,Holliday Heating + Cooling + Electric,https://hollidayheating.com/,info@hollidayheating.com,https://hollidayheating.com/,2026-10-09
Spokane,Bearcat Heating and Cooling,https://itsbearcat.com/,scheduling@itsbearcat.com,https://itsbearcat.com/,2026-10-09
Spokane,Cline's Heating and Air,https://clinesairconditioning.com/?utm_source=gbp&utm_medium=organic,info@clinesac.com,https://clinesairconditioning.com/?utm_source=gbp&utm_medium=organic,2026-10-09
Spokane,Bigfoot Heating & Cooling,https://www.bigfootmechanical.com/?utm_source=google&utm_medium=organic&utm_campaign=gbp-profile,info@bigfoothvacpros.com,https://www.bigfootmechanical.com/?utm_source=google&utm_medium=organic&utm_campaign=gbp-profile,2026-10-09
Spokane,Revive Heating and Air Conditioning LLC,http://reviveheatingandac.com/,daren@reviveheatingandac.com,http://reviveheatingandac.com/contact,2026-10-09
Spokane,Cougar Heating and Air Conditioning,https://cougarmechanical.com/service-area/spokane-wa-heating/?utm_source=google-gbp&utm_medium=organic&utm_campaign=*71*cougar-heating-air-spokane,customercare@cougarmechanical.com,https://cougarmechanical.com/service-area/spokane-wa-heating/?utm_source=google-gbp&utm_medium=organic&utm_campaign=*71*cougar-heating-air-spokane,2026-10-09
Spokane,R&R Heating & Air Conditioning,https://www.randrheating.com/?utm_source=GBP&utm_medium=GBP&utm_campaign=GBP,ced@randrheating.com,https://www.randrheating.com/contact,2026-10-09
Tacoma,"Harts Plumbers, Electricians, & HVAC Technicians",https://hartsservices.com/locations/tacoma/?utm_source=google&utm_medium=organic&utm_campaign=gmb_tacoma,marketing@hartsservices.com,https://hartsservices.com/locations/tacoma/?utm_source=google&utm_medium=organic&utm_campaign=gmb_tacoma,2026-10-09
Tacoma,Kliemann Brothers Heating and Air Conditioning,https://kliemannbros.com/,sales@kliemannbros.com,https://kliemannbros.com/,2026-10-09
Tacoma,All Seasons Inc.,https://wantheat.com/,contactus@wantheat.com,https://wantheat.com/,2026-10-09
Tacoma,RUSS Heating and Cooling,https://www.russhvac.com/,russheatingandcooling@gmail.com,https://www.russhvac.com/,2026-10-09
Vancouver,Precision Heating & Cooling,https://precisionheatingco.com/,jobs@precisionheatingco.com,https://precisionheatingco.com/,2026-10-09
Vancouver,"Smart Choice Heating & Cooling, Inc.",https://www.smartchoicehvac.com/,contactus@smartchoicehvac.com,https://www.smartchoicehvac.com/,2026-10-09
Vancouver,"Comfort 360 Heating, Cooling & Electrical",https://mycomfort360.com/,info@mycomfort360.com,https://mycomfort360.com/,2026-10-09
Vancouver,Revival Heating & Cooling,https://www.callrevival.com/?utm_source=google&utm_medium=organic&utm_campaign=GMBListing-Vancouver-WA,office@callrevival.com,https://www.callrevival.com/?utm_source=google&utm_medium=organic&utm_campaign=GMBListing-Vancouver-WA,2026-10-09
Vancouver,SureTech Heating & Cooling LLC,https://suretechhvac.com/,sales@suretechhvac.com,https://suretechhvac.com/,2026-10-09
Vancouver,Kova Heating and Cooling,http://kovaheating.com/,hello@kovaheating.com,http://kovaheating.com/,2026-10-09
Vancouver,Advantage Heating & Cooling,https://www.advantagehcp.com/?utm_source=google&utm_medium=organic&utm_campaign=gbp,office@advantagehcp.com,https://www.advantagehcp.com/?utm_source=google&utm_medium=organic&utm_campaign=gbp,2026-10-09
Vancouver,MetFab Heating & Cooling LLC,http://www.metfabheating.com/,info@metfab-heating.com,http://www.metfabheating.com/,2026-10-09
Bellevue,Agni Heating & Cooling,https://agniheating.com/,info@agniheating.com,https://agniheating.com/,2026-10-09
Bellevue,Fuse Service: Heating & Air Conditioning,https://fusesea.com/?utm_source=gbp&utm_medium=organic&utm_campaign=profile_bellevue,support@fusesea.com,https://fusesea.com/?utm_source=gbp&utm_medium=organic&utm_campaign=profile_bellevue,2026-10-09
Bellevue,Seattle Heating & Cooling,https://seattlehvac.com/,sales@seattlehvac.com,https://seattlehvac.com/,2026-10-09
Bellevue,Lumank Inc,http://www.lumankhvac.com/,youremail@mail.com,http://www.lumankhvac.com/contact,2026-10-09
Bellevue,"OutToday Electrical, Plumbing, Heating and Air",http://www.outtoday.com/,customerservice@outtoday.com,http://www.outtoday.com/,2026-10-09
Bellevue,All Hi-Tech,https://myfurnace.com/,info@allhitechheating.com,https://myfurnace.com/,2026-10-09
Bellevue,Tip Top HVAC,https://tiptop-hvac.com/,info@tiptop-hvac.com,https://tiptop-hvac.com/,2026-10-09
Seattle,Cascadia Spray Foam Insulation of Seattle,http://cascadiasprayfoam.com/?utm_source=gbp,info@cascadiasprayfoam.com,http://cascadiasprayfoam.com/?utm_source=gbp,2026-10-09
Spokane,Pacific Insulation & Mold Remediation,https://www.insulationspokane.com/,gus@insulationspokane.com,https://www.insulationspokane.com/,2026-10-09
Spokane,HOC Spray Foam Insulation,http://hocsprayfoaminsulation.com/,hoc.sprayfoam@yahoo.com,http://hocsprayfoaminsulation.com/,2026-10-09
Spokane,Therma-Lock Insulation,https://thermalockwa.com/?utm_source=gbp_listing&utm_medium=organic,thermalockwa@gmail.com,https://thermalockwa.com/?utm_source=gbp_listing&utm_medium=organic,2026-10-09
Spokane,IDI: Insulation Distributors Inc.,https://www.idi-insulation.com/location/spokane-wa/?utm_source=google&utm_medium=organic&utm_campaign=gmb,spoorders@idimn.com,https://www.idi-insulation.com/location/spokane-wa/?utm_source=google&utm_medium=organic&utm_campaign=gmb,2026-10-09
Spokane,Superior Insulation,https://superiorinsulationspokane.com/,office@superiorinsulationspokane.com,https://superiorinsulationspokane.com/,2026-10-09
Tacoma,Lobos Insulation LLC,http://lobosinsulationllc.com/,info@lobosinsulation.net,http://lobosinsulationllc.com/,2026-10-09
Spokane,Intermountain West Insulation,https://iwinsulation.com/?utm_source=listingnetwork&utm_medium=organic&utm_campaign=listings,russf@iwinsulation.com,https://iwinsulation.com/contact-us,2026-10-09
Tacoma,WA Evergreen Insulation LLC,https://www.evergreeninsulation.net/,info@waevergreeninsulation.com,https://www.evergreeninsulation.net/,2026-10-09
Tacoma,Crawl Pros,https://crawlpros.com/service-areas/tacoma-wa/?utm_source=google&utm_medium=local&utm_campaign=GBP_Crawl-Pros_tacoma,info@crawlpros.com,https://crawlpros.com/service-areas/tacoma-wa/?utm_source=google&utm_medium=local&utm_campaign=GBP_Crawl-Pros_tacoma,2026-10-09
Tacoma,Capital Insulation LLC,http://www.capitalinsulationwa.com/,info@capitalinsulationwa.com,http://www.capitalinsulationwa.com/,2026-10-09
Spokane,Inland Northwest Spray Foam Insulation,https://inlandnorthwestsprayfoam.com/?utm_source=gbp,info@inlandnorthwestsprayfoam.com,https://inlandnorthwestsprayfoam.com/get-a-quote/,2026-10-09
Vancouver,"Richart Family, Inc.",http://www.richartbuilders.com/,info@richartbuilders.com,http://www.richartbuilders.com/contact,2026-10-09
Bellevue,Attic Doctor,http://atticdoc.com/,admin@atticdoc.com,http://atticdoc.com/,2026-10-09
Bellevue,Northwest Crawl Space Services,https://www.nwcrawlspace.com/,info@nwcrawlspace.com,https://www.nwcrawlspace.com/,2026-10-09
Tacoma,Solar Gem Greenhouses,https://solargemgreenhouses.com/,info@solargemco.com,https://solargemgreenhouses.com/,2026-10-09
Bellevue,Evergreen Energy,https://www.evergreenelectricity.com/,info@evergreenenergywa.com,https://www.evergreenelectricity.com/,2026-10-09
