file,business,city,action,detail
ab-battery-installers-real.csv,EVOLVsolar,Calgary,email dropped,info@evlutioncharge.com
ab-battery-installers-real.csv,Electrical Solutions Inc,Lethbridge,email dropped,info@esileth.ca
ab-battery-installers-real.csv,Complete Power Solutions Ltd.,St. Albert,email dropped,admin@cpsab.ca
ab-heat-pump-installers-real.csv,Alpine Furnace & AC,Calgary,email dropped,info@kwiktyres.com
ab-heat-pump-installers-real.csv,YYC Heating & Cooling Pros,Calgary,email dropped,team@latofonts.com
ab-solar-installers-real.csv,EVOLVsolar,Calgary,email dropped,info@evlutioncharge.com
ab-solar-installers-real.csv,Boreal Energy Solutions,Edmonton,email dropped,605a7baede844d278b89dc95ae0a9123@sentry-next.wixpress.com
ca-battery-installers-real.csv,LA Solar Solutions,Burbank,email dropped,info@lasolarsolution.com
ca-battery-installers-real.csv,Solar.com,Santa Monica,email dropped,hello@electrum.co
ca-battery-installers-real.csv,Simply Solar,Fremont,email dropped,simplysolar@marketing.cukerinteractive.com
ca-battery-installers-real.csv,"CivicSolar, Inc",Oakland,email dropped,hello@greentechrenewables.com
ca-battery-installers-real.csv,Sunvert Solar LLC,San Bernardino,email dropped,support@duck.com
ca-battery-installers-real.csv,Electrical Insight,Escondido,email dropped,info@nipperelectric.com
ca-insulation-installers-real.csv,IDI: Insulation Distributors Inc.,Sacramento,email dropped,sacorders@idimn.com
ca-solar-installers-real.csv,LA Solar Solutions,Burbank,email dropped,info@lasolarsolution.com
ca-solar-installers-real.csv,Koala Insulation of the Westside,Santa Monica,removed,not an installer
ca-solar-installers-real.csv,Solar.com,Santa Monica,email dropped,hello@electrum.co
ca-solar-installers-real.csv,Simply Solar,Fremont,email dropped,simplysolar@marketing.cukerinteractive.com
ca-solar-installers-real.csv,"CivicSolar, Inc",Oakland,email dropped,hello@greentechrenewables.com
ca-solar-installers-real.csv,Sunvert Solar LLC,San Bernardino,email dropped,support@duck.com
ca-solar-installers-real.csv,Electrical Insight,Escondido,email dropped,info@nipperelectric.com
ca-solar-installers-real.csv,EVCHARGE4U Inc,Berkeley,removed,not an installer
co-battery-installers-real.csv,Solar Design of Colorado,Colorado Springs,email dropped,solardesign@myctl.net
co-insulation-installers-real.csv,IDI: Insulation Distributors Inc.,Denver,email dropped,colorders@idimn.com
co-solar-installers-real.csv,Solar Design of Colorado,Colorado Springs,email dropped,solardesign@myctl.net
heat-pump-installers-real.csv,Airtika Heating and Cooling Ltd.,Kelowna,email dropped,605a7baede844d278b89dc95ae0a9123@sentry-next.wixpress.com
heat-pump-installers-real.csv,"Ashton Plumbing, Heating & Air Conditioning",Richmond,email dropped,leadsarchive@homelocalservices.com
heat-pump-installers-real.csv,Advanced furnace services and air conditioning,Surrey,email dropped,mobil@grandpashabet.com
insulation-installers-real.csv,Pinnacle West - Spray Foam & Coatings,Abbotsford,email dropped,pinnacle@skyvenn.com
insulation-installers-real.csv,Harbourside Spray Foam,Nanaimo,email dropped,john@harboursidesprayfoam.com
ma-insulation-installers-real.csv,Urban & Sons,Springfield,email dropped,sam.fortsch@mccormick-allum.com
ma-solar-installers-real.csv,ECOSHIELD INSULATION LLC,Lynn,removed,not an installer
ns-solar-installers-real.csv,Olympic Pools and Spas,Cape Breton,email dropped,olympicpools@eastlink.ca
ny-heat-pump-installers-real.csv,"JSP Home Services: Plumbing, Air Conditioning, Heating and Electrical Experts",Kingston,email dropped,office@jsp.expert
ny-heat-pump-installers-real.csv,Sinnott's Plumbing & Heating LLC,Saugerties,email dropped,john@doe.com
ny-heat-pump-installers-real.csv,J. Daher Air Conditioning & Heating,White Plains,email dropped,john@daherhvac.com
ny-heat-pump-installers-real.csv,One Hour Heating & Air Conditioning® of Albany,Albany,email dropped,randy@farrellbrothers.com
ny-heat-pump-installers-real.csv,Joe's Custom HVAC,Babylon,email dropped,joseph@jciac.com
ny-heat-pump-installers-real.csv,"Ryan Anthony's Heating Service, Inc.",Babylon,email dropped,info@liboilers.com
ny-heat-pump-installers-real.csv,Wilson's Plumbing Heating HVAC & Electric,Islip,email dropped,info@mysite.com
ny-insulation-installers-real.csv,Superior Insulation,Buffalo,email dropped,patty@goodfoams.com
ny-insulation-installers-real.csv,IDI: Insulation Distributors Inc.,Syracuse,email dropped,syrorders@idimn.com
ny-solar-installers-real.csv,AEC Solar,Albany,email dropped,solarteam@aecenergy.com
ny-solar-installers-real.csv,PPR Energy Solutions,Buffalo,email dropped,john@smith.com
ny-solar-installers-real.csv,4 Power Now Inc.,Syracuse,email dropped,email@4powernow.com
ny-solar-installers-real.csv,"JSP Home Services: Plumbing, Air Conditioning, Heating and Electrical Experts",Kingston,email dropped,office@jsp.expert
on-battery-installers-real.csv,Electric Safe,Hamilton,email dropped,john@electricsafe.ca
on-battery-installers-real.csv,Radiant Solar Energy Group,Vaughan,email dropped,astigma@astigmatic.com
on-insulation-installers-real.csv,GWC Insulation,Hamilton,email dropped,jeremy@gwcgroup.ca
on-insulation-installers-real.csv,Ken Mason Insulation,Hamilton,email dropped,kenmason@bellnet.ca
on-solar-installers-real.csv,INTOCHARGE,Toronto,removed,not an installer
on-solar-installers-real.csv,Four Seasons Insulation,Mississauga,removed,not an installer
on-solar-installers-real.csv,EcoComfort Insulation & Contracting Inc.,Mississauga,removed,not an installer
on-solar-installers-real.csv,TD Solar Shop,Hamilton,removed,not an installer
on-solar-installers-real.csv,Polar Energy Systems - Insulation Services,London,removed,not an installer
pa-insulation-installers-real.csv,TrueFoam,Pittsburgh,email dropped,jeff@trufoam.net
vt-battery-installers-real.csv,Building Energy,Burlington,email dropped,contact@bytes.co
vt-heat-pump-installers-real.csv,E & M Mechanical Inc,South Burlington,email dropped,rmillette@eandmvt.com
vt-solar-installers-real.csv,Building Energy,Burlington,email dropped,contact@bytes.co
