file,business,city
installers/ab-heat-pump-installers-real.csv,YYC Heating & Cooling Pros,Calgary
installers/ab-heat-pump-installers-real.csv,Seer Heating and Refrigeration Inc.,Red Deer
installers/ab-heat-pump-installers-real.csv,Central Alberta HVACR,Red Deer
installers/ab-heat-pump-installers-real.csv,Piper the Plumber,Red Deer
installers/ab-solar-installers-real.csv,Spark Electrical Services LTD.,Red Deer
installers/ab-solar-installers-real.csv,PASS Electric Inc.,Red Deer
installers/ab-solar-installers-real.csv,Triple A Electric Ltd,Red Deer
installers/ca-heat-pump-installers-real.csv,North Air,Burbank
installers/ca-heat-pump-installers-real.csv,Rhino Air,Burbank
installers/ca-heat-pump-installers-real.csv,West Lake Heating,Los Angeles
installers/ca-heat-pump-installers-real.csv,Jackson Heating,Santa Monica
installers/ca-heat-pump-installers-real.csv,1-888-Heat-Pumps,Berkeley
installers/ca-heat-pump-installers-real.csv,AirTong Heating and Air,Oakland
installers/ca-heat-pump-installers-real.csv,Air Heating Masters San Jose,San Jose
installers/ca-heat-pump-installers-real.csv,Martinico and Sons - Heating & Air Conditioning/HVAC,San Jose
installers/ca-heat-pump-installers-real.csv,Brook's Heating and Air,Ontario
installers/ca-heat-pump-installers-real.csv,Year Round Heating & Air Conditioning,Riverside
installers/ca-heat-pump-installers-real.csv,AJ Heating & Air Conditioning,San Bernardino
installers/ca-heat-pump-installers-real.csv,"Morey Plumbing, Heating, & Cooling, Inc.",San Diego
installers/ca-heat-pump-installers-real.csv,A-Class Heating And Air,Rancho Cordova
installers/ca-heat-pump-installers-real.csv,Rancho Cordova Heating & Air Conditioning,Rancho Cordova
installers/ca-heat-pump-installers-real.csv,Maximum Air,Fresno
installers/ca-heat-pump-installers-real.csv,Roach Heating And Air Conditioning,Sacramento
installers/ca-solar-installers-real.csv,Annex Solar,Burbank
installers/ca-solar-installers-real.csv,EVCHARGE4U Inc,Berkeley
installers/ca-solar-installers-real.csv,Mister Sparky of Fremont and Dublin,Fremont
installers/ca-solar-installers-real.csv,"Valley Heating, Cooling, Electrical and Solar",San Jose
installers/ca-solar-installers-real.csv,Bear Copper Electric,Folsom
installers/ca-solar-installers-real.csv,Lux Dei Electric,Rancho Cordova
installers/co-heat-pump-installers-real.csv,Apex Clean Air AC & Heating Repair,Denver
installers/co-heat-pump-installers-real.csv,"Superior HVAC Repair, Colorado Springs.",Colorado Springs
installers/co-heat-pump-installers-real.csv,City Plumbing Heating and Air,Aurora
installers/co-heat-pump-installers-real.csv,Master HVAC Fort Collins,Fort Collins
installers/co-heat-pump-installers-real.csv,Evolve Solar & Radiant Heat,Boulder
installers/co-solar-installers-real.csv,SolarEase Pros,Aurora
installers/heat-pump-installers-real.csv,Magnum Creek Cooling,Abbotsford
installers/heat-pump-installers-real.csv,MLP Heating,Abbotsford
installers/heat-pump-installers-real.csv,A2B Plumbing and Heating,Burnaby
installers/heat-pump-installers-real.csv,Tidal Mechanical,Coquitlam
installers/heat-pump-installers-real.csv,KTA Mechanical Inc.,Kamloops
installers/heat-pump-installers-real.csv,Triumph Heating & Air Conditioning,Kelowna
installers/heat-pump-installers-real.csv,Zoltera Mechanical Ltd.,Kelowna
installers/heat-pump-installers-real.csv,Prime Plumbers Of Richmond,Richmond
installers/heat-pump-installers-real.csv,Bakerview Heating and Cooling,Surrey
installers/heat-pump-installers-real.csv,AE Electric Ltd dba AE HVAC Systems,Victoria
installers/heat-pump-installers-real.csv,Bears Heating & Cooling Ltd.,Victoria
installers/ma-heat-pump-installers-real.csv,Ferguson HVAC,Boston
installers/ma-heat-pump-installers-real.csv,Casa Comfort,Worcester
installers/ma-heat-pump-installers-real.csv,Modern Energy,Worcester
installers/ma-heat-pump-installers-real.csv,All Town Heating & A/C,Brockton
installers/ma-heat-pump-installers-real.csv,R G M Heating and Cooling,New Bedford
installers/ma-heat-pump-installers-real.csv,S.D.H. Plumbing & Heating,Newton
installers/ma-heat-pump-installers-real.csv,United Refrigeration Inc,Somerville
installers/ns-heat-pump-installers-real.csv,Nova Heat Pumps,Halifax
installers/ny-heat-pump-installers-real.csv,MR. AIR NYC,New York City
installers/ny-heat-pump-installers-real.csv,The Heating Cooling Doctor,New York City
installers/ny-heat-pump-installers-real.csv,Bear Heating & Home Services LLC,Rochester
installers/ny-heat-pump-installers-real.csv,Fred F. Collis & Sons,Syracuse
installers/ny-heat-pump-installers-real.csv,August Tech Heating & Cooling,Oyster Bay
installers/ny-heat-pump-installers-real.csv,Fix-A-Leak Plumbing & Heating Inc.,Oyster Bay
installers/ny-solar-installers-real.csv,"HWS, Inc. - Mitsubishi Heat Pumps, HVAC, Electrical, Plumbing",Kingston
installers/ny-solar-installers-real.csv,A-Team Comfort Systems,Kingston
installers/ny-solar-installers-real.csv,"JSP Home Services: Plumbing, Air Conditioning, Heating and Electrical Experts",Kingston
installers/ny-solar-installers-real.csv,Evo Energy Inc.,Poughkeepsie
installers/ny-solar-installers-real.csv,Geothermal Energy Options LLC,Poughkeepsie
installers/ny-solar-installers-real.csv,Under the Sun Improvements,Poughkeepsie
installers/ny-solar-installers-real.csv,Fire Mountain Solar LLC,Mount Vernon
installers/ny-solar-installers-real.csv,A Perfect Goldman Electrical,New Rochelle
installers/ny-solar-installers-real.csv,Gem's Electrical Contracting,Babylon
installers/on-heat-pump-installers-real.csv,Dynamic Heating & Cooling,Ottawa
installers/on-heat-pump-installers-real.csv,Capital City Heating and Cooling Inc.,Ottawa
installers/on-heat-pump-installers-real.csv,Air Flow Heating & Cooling Ltd.,Mississauga
installers/on-heat-pump-installers-real.csv,Delta T Heating & Cooling Inc.,Brampton
installers/on-heat-pump-installers-real.csv,ONAS Heating & Cooling Corp. O/A Ontario Air Services,Vaughan
installers/on-heat-pump-installers-real.csv,Richmond Hill Plumbing,Richmond Hill
installers/on-heat-pump-installers-real.csv,"Plumber Done Right of Richmond Hill, ON",Richmond Hill
installers/on-heat-pump-installers-real.csv,RK Air Systems,Barrie
installers/on-heat-pump-installers-real.csv,Georgian Home Comfort - Heating and Cooling,Barrie
installers/on-heat-pump-installers-real.csv,"PURPL - Heating, Air Conditioning & Gas Works",Kitchener
installers/on-heat-pump-installers-real.csv,AirIQ Home Comfort Inc.,Kitchener
installers/on-heat-pump-installers-real.csv,DWD HVAC and More,Windsor
installers/on-heat-pump-installers-real.csv,Danlex Gas,Oakville
installers/on-heat-pump-installers-real.csv,Superior HVAC Service,Oshawa
installers/on-heat-pump-installers-real.csv,AirTemp HVAC,Burlington
installers/on-heat-pump-installers-real.csv,Halton Heating and Gas Services,Burlington
installers/on-heat-pump-installers-real.csv,"Superior HVAC Service, Heating & Air Conditioning",Burlington
installers/on-heat-pump-installers-real.csv,The HVAC Service,Guelph
installers/on-heat-pump-installers-real.csv,"Fireleaf PLUMBING, HVAC, ELECTRICAL",Guelph
installers/on-heat-pump-installers-real.csv,Frozen Flame Canada,Guelph
installers/on-heat-pump-installers-real.csv,Denoco Energy Systems - Kingston,Kingston
installers/on-heat-pump-installers-real.csv,The Plumbers Inc.,Sault Ste. Marie
installers/on-heat-pump-installers-real.csv,Plumbers Plus,Sault Ste. Marie
installers/on-heat-pump-installers-real.csv,Prestige Plumbing Services,Timmins
installers/on-solar-installers-real.csv,Signature Electric Ltd,Markham
installers/on-solar-installers-real.csv,Smile HVAC,Vaughan
installers/on-solar-installers-real.csv,PRO CLIMATE,Vaughan
installers/on-solar-installers-real.csv,Fahrhall Home Comfort Specialists,Windsor
installers/on-solar-installers-real.csv,Energy Rich Electric,Whitby
installers/on-solar-installers-real.csv,Green Mountain Solar,Burlington
installers/on-solar-installers-real.csv,Let's Go Solar Ltd,Cambridge
installers/on-solar-installers-real.csv,@home Energy,Greater Sudbury
installers/on-solar-installers-real.csv,STELLAR,Sault Ste. Marie
installers/pa-heat-pump-installers-real.csv,Delta T Heating & Cooling LLC,Philadelphia
installers/pa-heat-pump-installers-real.csv,"Cardullo Mechanical, LLC",Philadelphia
installers/pa-heat-pump-installers-real.csv,PJ MAC HVAC Service & Repair,Philadelphia
installers/pa-heat-pump-installers-real.csv,"Precision Heating & Cooling Services, LLC",Pittsburgh
installers/pa-solar-installers-real.csv,Arsenal Solar,Philadelphia
installers/solar-installers-real.csv,Olson Electric Ltd.,Chilliwack
installers/solar-installers-real.csv,Strohmaier Electric Ltd.,Chilliwack
installers/solar-installers-real.csv,Energy Safety Canada,Fort St. John
installers/solar-installers-real.csv,Solar by Kuby,Kamloops
installers/solar-installers-real.csv,Miller-Tech Electric (Generators),Langley
installers/solar-installers-real.csv,Hakai Energy Solutions,Nanaimo
installers/solar-installers-real.csv,Polaron Solar Energy,Richmond
installers/solar-installers-real.csv,Cress Electric,Squamish
installers/solar-installers-real.csv,Toa Electrical,Vancouver
