state,category,data_type,source_url_1,source_url_2,source_url_3,verified_date,notes
CA,Heat Pump,Rebate Amounts,https://www.ladwp.com/rebates,https://www.energy.ca.gov/programs-and-topics/programs/inflation-reduction-act-residential-energy-rebate-programs,https://dulocore.com/rebates/california/ladwp/,2026-08-17,LADWP $2500/ton confirmed. HEAR single-family closed Feb 2026. TECH program active through CEC.
CA,Heat Pump,Rebate Amounts,https://www.smud.org/Corporate/About-us/News-and-Media/2026/2026/SMUD-boosts-rebates-for-heat-pumps,https://www.energy.ca.gov/programs-and-topics/programs/inflation-reduction-act-residential-energy-rebate-programs,https://dulocore.com/rebates/california/smud/,2026-08-17,SMUD $3000-4000/ton confirmed. My Energy Optimizer bonus $10k for storage enrollment.
CA,Heat Pump,Rebate Amounts,https://www.bayren.org/find-incentives,https://www.energy.ca.gov/programs-and-topics/programs/inflation-reduction-act-residential-energy-rebate-programs,https://dulocore.com/rebates/california/pge/,2026-08-17,PG&E rebates $250-500 (needs specific verification). Bay Area SunShares for installer discounts.
CA,Heat Pump,Rebate Amounts,https://www.sdge.com/rebates,https://www.energy.ca.gov/programs-and-topics/programs/inflation-reduction-act-residential-energy-rebate-programs,https://dulocore.com/rebates/california/sdge/,2026-08-17,SDG&E rebates $250-500. SGIP battery program available.
CA,Heat Pump,Rebate Amounts,https://electrifyatlas.com/utilities/sce,https://www.energy.ca.gov/programs-and-topics/programs/inflation-reduction-act-residential-energy-rebate-programs,https://www.sce.com/save-money/rebates-financial-assistance/rebates-sce-marketplace,2026-08-17,SCE TECH Clean CA $3100 base confirmed. Stacks with HEEHRA.
CA,Installation Costs,Average Cost,https://www.energysage.com/heat-pumps/costs-and-benefits-air-source-heat-pumps/,https://hvacpricingguide.com/heat-pump-cost/,https://homeenergybasics.com/heat-pumps/cost,2026-08-17,National average $15400 confirmed. Ducted systems $12-18k. Air source $4-8k base. Statewide CA average $19844 before incentives.
CA,Solar,Installation Costs,https://community.powmr.com/2026/03/23/solar-panel-installation-cost-in-2026-real-numbers-by-system-size-roof-type-and-region/,https://www.consumeraffairs.com/solar-energy/how-much-do-solar-panels-cost.html,https://www.energysage.com/local-data/solar-panel-cost/,2026-08-17,CA mid-cost tier $2.60-2.90/W. 6kW typical $15-21k. Regional variation significant (37% difference noted).
CA,Solar,Net Metering,https://energyrebatecalculator.com/rebates/california,https://rebateatlas.org/states/california/,https://www.energy.ca.gov/programs-and-topics/programs/inflation-reduction-act-residential-energy-rebate-programs,2026-08-17,NEM 3.0 in effect. Reduces export compensation significantly vs NEM 2.0. No federal ITC after 12/31/25.
CA,Water Heater,Rebate Amounts,https://plumbingsniper.com/state-water-heater-rebates-2026-what-each-state-actually-pays/,https://goldenstaterebates.com/goldenstaterebates/rebates/heat-pump-water-heaters/,https://www.energy.ca.gov/programs-and-topics/programs/inflation-reduction-act-residential-energy-rebate-programs,2026-08-17,Golden State Rebates ended 7/31/26. TECH/utility rebates primary source now. Federal credit repealed mid-2025.
CA,EV Charger,Rebate Amounts,https://qmerit.com/locations/california/,https://www.digitalwindmill.com/sustainability-policy/electric-vehicle-incentives-by-state,https://eviqo.io/pages/ev-charger-rebates,2026-08-17,LADWP up to $1500 confirmed. 14+ CA utilities have programs. Federal 30C ended 6/30/26.
CA,Windows,Rebate Amounts,https://energyrebatecalculator.com/rebates/california/windows-doors,https://www.energy.ca.gov/programs-and-topics/programs/inflation-reduction-act-residential-energy-rebate-programs,https://mycoastalwindows.com/ufaq/do-new-windows-qualify-for-tax-credits-or-rebates/,2026-08-17,HOMES program not yet launched. HEAR closed. No CA state window rebates available 2026. Federal 25C expired 12/31/25.
CA,Insulation,Rebate Amounts,https://dulocore.com/rebates/california/insulation/,https://energyrebatecalculator.com/rebates/california/insulation,https://www.energy.ca.gov/programs-and-topics/programs/inflation-reduction-act-residential-energy-rebate-programs,2026-08-17,HEAR $1600 for income-qualified (closed 2/26). HOMES future program when launched up to $8000.
CA,Thermostat,Rebate Amounts,https://smartsmssolutions.com/resources/blog/business/smart-thermostat-rebates-guide,https://goldenstaterebates.com/goldenstaterebates/rebates/smart-thermostats/,https://energyrebatecalculator.com/articles/smart-thermostat-rebates-2026-ira.html,2026-08-17,PG&E/SCE/SDG&E/SoCalGas $50-75. Golden State Rebates ended 7/31/26.
NY,Heat Pump,Rebate Amounts,https://heatpumpnetwork.com/heat-pump-rebates-new-york/,https://rebateatlas.org/states/new-york/,https://energyrebatecalculator.com/utility/con-edison,2026-08-17,Con Edison NY Clean Heat up to $10k confirmed. HEAR income-qualified up to $14k. NYSERDA/National Grid amounts need verification.
NY,Water Heater,Rebate Amounts,https://www.coned.com/en/save-money/rebates-incentives-tax-credits/rebates-incentives-tax-credits-for-residential-customers/electric-heating-and-cooling-technology-for-renters-homeowners/swap-your-water-heater-and-save,https://energyrebatecalculator.com/rebates/new-york,https://heatpumpnetwork.com/heat-pump-rebates-new-york/,2026-08-17,Con Edison HPWH $1300. NYSERDA up to $5500. Verify National Grid amounts.
NY,Solar,Net Metering,https://rebateatlas.org/states/new-york/,https://energyrebatecalculator.com/rebates/new-york,https://www.digitalwindmill.com/sustainability-policy/electric-vehicle-incentives-by-state,2026-08-17,VDER (Value of Distributed Energy Resources) in effect. Reduced compensation vs traditional net metering. SMART program has waiting list.
NY,EV Charger,Rebate Amounts,https://eviqo.io/pages/ev-charger-rebates,https://recharged.com/articles/ev-incentives-2026-by-state/,https://www.digitalwindmill.com/sustainability-policy/electric-vehicle-incentives-by-state,2026-08-17,Con Edison SmartCharge NY ~$400/year for off-peak. No state-level home charger rebate. Federal 30C ended 6/30/26.
NY,National Grid,Rebate Programs,https://www.nationalgridus.com/Upstate-NY-Home/Energy-Saving-Programs/,https://www.amplifyincentives.com/NationalGridNYGas/,https://www.nationalgridus.com/Services-Rebates?r=10&page=1&customerType=For+Homeowners&locations=Upstate+New+York,2026-08-17,National Grid Total Home Comfort closed to new apps as of search date. Program details need current verification from NG directly.
MA,Heat Pump,Rebate Amounts,https://nuwattenergy.com/en/massachusetts/mass-save-rebates-guide-2026,https://www.masssave.com/residential/rebates-offers-services/insulation-and-windows/windows,https://masshvac.com/massachusetts-hvac-rebates/,2026-08-17,"Mass Save $2650/ton whole-home (cap $8500), $1125/ton partial (cap $8500), $250/ton basic (cap $2500). R-410A banned 1/1/26, only R-32/R-454B qualify."
MA,Insulation,Rebate Amounts,https://nuwattenergy.com/en/massachusetts/mass-save-insulation-rebates-2026,https://www.masssave.com/residential/rebates-offers-services/insulation-and-windows/windows,https://neeeco.com/blog/the-best-mass-save-rebates-and-incentives-for-2026/,2026-08-17,Mass Save covers 75% of insulation (attic/wall/basement/air-seal). Income-qual pay 0%. Instant rebates at installation.
MA,Water Heater,Rebate Amounts,https://nuwattenergy.com/en/massachusetts/mass-save-rebates-guide-2026,https://www.masssave.com/residential/rebates-offers-services/insulation-and-windows/windows,https://lelahomelife.com/blog/mass-save-rebates-2026,2026-08-17,Mass Save heat pump water heater $750 rebate. Federal credit expired 12/31/25.
MA,Windows,Rebate Amounts,https://www.masssave.com/residential/rebates-offers-services/insulation-and-windows/windows,https://energyrebatecalculator.com/rebates/massachusetts,https://mycoastalwindows.com/ufaq/do-new-windows-qualify-for-tax-credits-or-rebates/,2026-08-17,Mass Save $75/window for single-pane to ENERGY STAR Most Efficient upgrade. Available through 12/31/26. Federal 25C expired 12/31/25.
MA,Thermostat,Rebate Amounts,https://www.masssave.com/residential/rebates-offers-services/heating-and-cooling/smart-and-programmable-thermostats,https://smartsmssolutions.com/resources/blog/business/smart-thermostat-rebates-guide,https://energyrebatecalculator.com/rebates/massachusetts,2026-08-17,Mass Save up to $100. Limit 3 per account every 3 years. Offered through National Grid and Eversource.
MA,Solar,SMART Program,https://energyrebatecalculator.com/rebates/massachusetts,https://rebateatlas.org/states/massachusetts/,https://nuwattenergy.com/en/massachusetts/mass-save-rebates-guide-2026,2026-08-17,SMART program has waiting list. Availability depends on utility territory block capacity. New capacity added periodically at lower rates.
ALL,Heating Degree Days,Annual Data,https://www.cpc.ncep.noaa.gov/products/analysis_monitoring/cdus/degree_days/wctyhddy.txt,https://www.degreedays.net/,https://www.huduser.gov/resources/utilitymodel/hdd.html,2026-08-17,Data sources identified but specific 2024-2025 annual values by city require additional verification from NOAA or degreedays.net.
